node,graph_name,node_type,place_id,label,category,rating,total_user_ratings,formatted_address,taluk,micro_region
place::ChIJK_vW_PgqBDsRl61YBJHIHuY,place_network,place,ChIJK_vW_PgqBDsRl61YBJHIHuY,Courtallam Five Falls,tourist_attraction,4.4,39765,"Tenkasi district, Tamil Nadu, and, Punalur, Courtallam Slopes R.F., Kerala 627802, India",Tenkasi,Tenkasi
place::ChIJYcmgkrEXrjsRLJXEahB3kOs,place_network,place,ChIJYcmgkrEXrjsRLJXEahB3kOs,Indiahikes,travel_agency,4.9,13610,"139, Defence Colony Rd, Defence Layout, Sahakar Nagar, Bengaluru, Karnataka 560092, India",Tenkasi,Tenkasi
place::ChIJS4UuXhkrBDsRolNUEQ3qPoI,place_network,place,ChIJS4UuXhkrBDsRolNUEQ3qPoI,Coutrallam Main Waterfalls,tourist_attraction,4.4,12745,"W7H9+WJC, Courtallam, Tamil Nadu 627802, India",Tenkasi,Tenkasi
place::ChIJq0u5QegpBDsRAjW5G91ajmk,place_network,place,ChIJq0u5QegpBDsRAjW5G91ajmk,"Arulmigu Kaasi Viswanathar Temple, Tenkasi(Pancha Kashi)",hindu_temple,4.7,12348,"X845+M4Q, E Car St, Tenkasi, Tamil Nadu 627811, India",Tenkasi,Tenkasi
place::ChIJOXLCPOgpBDsR1ahseikbHMM,place_network,place,ChIJOXLCPOgpBDsR1ahseikbHMM,Ulagamman Kasi Viswanathar Kovil Tenkasi,hindu_temple,4.7,8532,"Tenkasi, Tamil Nadu 627811, India",Tenkasi,Tenkasi
place::ChIJEU6I6hKDBjsRvMeXfF6jNy8,place_network,place,ChIJEU6I6hKDBjsRvMeXfF6jNy8,Tenkasi New Bus Stand,transportation_service,3.9,8290,"X8C2+HJ9, Tenkasi, Tamil Nadu 627811, India",Tenkasi,Tenkasi
place::ChIJA9XmEZaXBjsREmckXJgSs8g,place_network,place,ChIJA9XmEZaXBjsREmckXJgSs8g,Arulmigu Sankaranarayana Swamy Temple,hindu_temple,4.7,6991,"5GCM+92C, Ayyanar Temple Rd, Sankarankoil, Tamil Nadu 627756, India",Sankarankovil,Sankarankovil
place::ChIJSbdL6FwpBDsRe3ls0A6mwDI,place_network,place,ChIJSbdL6FwpBDsRe3ls0A6mwDI,Old Courtallam Falls,tourist_attraction,4.5,6259,"V7XW+W7F, Tigar Falls Road, arch, Pulichikulam, Courtallam Slopes R.F., Tamil Nadu 627814, India",Tenkasi,Tenkasi
place::ChIJ1WAtoyzvBTsR_KDWpC-b72Q,place_network,place,ChIJ1WAtoyzvBTsR_KDWpC-b72Q,Sivagiri Mutt,place_of_worship,4.6,5616,"Sivagiri Rd, Varkala, Kerala 695141, India",Sivagiri,Sivagiri
place::ChIJs0Wor3DVBTsR3EUyE5eY0po,place_network,place,ChIJs0Wor3DVBTsR3EUyE5eY0po,Palaruvi Waterfalls,tourist_attraction,4.5,5402,"W5R8+R2M, Rd to Palaruvi Waterfalls, Palaruvi, Kerala 691309, India",Tenkasi,Tenkasi
place::ChIJh_EnhcOABjsRHN91tNw1LuI,place_network,place,ChIJh_EnhcOABjsRHN91tNw1LuI,Arulmigu Thirumalai Kumaraswamy Temple,hindu_temple,4.7,5079,"26PG+C65, Thirumalaikoil Rd, Thenpothai, Tamil Nadu 627807, India",Tenkasi,Tenkasi
place::ChIJVwjgd1i0BzsRblc5epBLSdk,place_network,place,ChIJVwjgd1i0BzsRblc5epBLSdk,Karikadu View Point,tourist_attraction,4.4,4771,"SH14, Elappara Road, Erattupetta, Vagamon, Kerala 686580, India",Tenkasi,Tenkasi
place::ChIJ5U3FUsN6BzsRXLUT1A2krkE,place_network,place,ChIJ5U3FUsN6BzsRXLUT1A2krkE,Mannavanur Lake,tourist_attraction,4.6,3642,"69F6+X6G Elumpallam Lake, Mannavanur, Tamil Nadu 624103, India",Tenkasi,Tenkasi
place::ChIJq_30syfHBTsRDN_ppvdu-Qw,place_network,place,ChIJq_30syfHBTsRDN_ppvdu-Qw,Happyland Water Theme & Amusement Park,amusement_park,3.7,3418,"Kuthirakulam P.O, Manikkal, Vembayam, Kerala 695615, India",Tenkasi,Tenkasi
place::ChIJYX7Kl4vtBDsR039NLAJ_YqA,place_network,place,ChIJYX7Kl4vtBDsR039NLAJ_YqA,Sunset View Point,tourist_attraction,4.5,3377,"Beach Rd, Kanniyakumari, Tamil Nadu 629702, India",Tenkasi,Tenkasi
place::ChIJw7X27VwpBDsREcsa7LVsoOo,place_network,place,ChIJw7X27VwpBDsREcsa7LVsoOo,Palaya Kutraalam,tourist_attraction,4.5,3321,"V7XW+X8Q, Courtallam Slopes R.F., Tamil Nadu 627814, India",Tenkasi,Tenkasi
place::ChIJ8YVwxCXWBTsRvT3uZ68XOd4,place_network,place,ChIJ8YVwxCXWBTsRvT3uZ68XOd4,Thenmala Dam,tourist_attraction,4.3,3163,"X339+MWX, Thenmala, Kerala 691308, India",Tenkasi,Tenkasi
place::ChIJ0c7lGSrWBTsRkBSbPcVBkXY,place_network,place,ChIJ0c7lGSrWBTsRkBSbPcVBkXY,Thenmala Ecotourism,tour_agency,4.1,2818,"Thiruvanathapuram-Thenmala Road, Kollam - Punalur - Tenkasi, Thenmala, Kerala 691308, India",Tenkasi,Tenkasi
place::ChIJs-vSFNY3BDsR89RjoQRctKQ,place_network,place,ChIJs-vSFNY3BDsR89RjoQRctKQ,Agasthiyar Falls,tourist_attraction,4.6,2486,"P937+JC, Papanasam, Tamil Nadu 627425, India",Tenkasi,Tenkasi
place::ChIJD78c1f55TToRGLpH8xxbK4A,place_network,place,ChIJD78c1f55TToRGLpH8xxbK4A,Exoticamp,childrens_camp,4.8,2403,"Muttukkaranchavadi, Thoraipakkam, Chennai, Tamil Nadu 600097, India",Tenkasi,Tenkasi
place::ChIJpYX5oKS0BzsRCF-SFs2O4X4,place_network,place,ChIJpYX5oKS0BzsRCF-SFs2O4X4,Thangalpara,tourist_attraction,4.5,2208,"MW85+65F, Vagamon, Kerala 685501, India",Tenkasi,Tenkasi
place::ChIJr_DnasZDBDsRdHpzZHl96h0,place_network,place,ChIJr_DnasZDBDsRdHpzZHl96h0,Kalakad Thalayanai,tourist_attraction,4.5,2205,"GGG3+J6P, Kalakadu R.F, Tamil Nadu 627501, India",Tenkasi,Tenkasi
place::ChIJ1S7Asz1_BjsRHMPTvhPcsew,place_network,place,ChIJ1S7Asz1_BjsRHMPTvhPcsew,Thenmala Reserve Forest,tourist_attraction,4.4,2182,"248P+VR6, Rd to Palaruvi Waterfalls, Kerala, India",Tenkasi,Tenkasi
place::ChIJEcufPSnWBTsRxy-_bLmZmH8,place_network,place,ChIJEcufPSnWBTsRxy-_bLmZmH8,Leisure Zone and Sculpture Garden,tourist_attraction,4.1,2141,"X347+QJ9, Thenmala, Kerala 691308, India",Tenkasi,Tenkasi
place::ChIJj5J6tMg2BDsRz7ctSBm1ssY,place_network,place,ChIJj5J6tMg2BDsRz7ctSBm1ssY,Mundanthurai Tiger Reserve,national_park,4.4,2081,"Ambasamudram - Papanasam - Upper Dam Rd, Papanasam R.F., Tamil Nadu 627425, India",Tenkasi,Tenkasi
place::ChIJKdfVQHx4BjsRaFlls0YJF5k,place_network,place,ChIJKdfVQHx4BjsRaFlls0YJF5k,Deer Park | Thenmala,zoo,3.9,1937,"X382+PW3, Kollam - Thirumangalam Rd, Thenmala, Kerala 691308, India",Tenkasi,Tenkasi
place::ChIJp799eI9HBDsR3P-8VWdE1GY,place_network,place,ChIJp799eI9HBDsR3P-8VWdE1GY,Manimutharu WaterFalls,tourist_attraction,4.6,1784,"JC96+JWX, Manimuthar to Manjolai Road, Singampatti Zamindar Forest, Tamil Nadu 627421, India",Tenkasi,Tenkasi
place::ChIJ4_X9FJh9BjsR_17bRtA6rsQ,place_network,place,ChIJ4_X9FJh9BjsR_17bRtA6rsQ,Kumbhavurutty Falls,tourist_attraction,4.4,1371,"35MF+R4C, Aruvappulam, Kerala 689691, India",Tenkasi,Tenkasi
place::ChIJLXq4koaBBjsRPotpsyTXmss,place_network,place,ChIJLXq4koaBBjsRPotpsyTXmss,Shenkottai Bus Stand,travel_agency,3.6,1324,"Shenkottai, Tamil Nadu 627809, India",Shenkottai,Shenkottai
place::ChIJ3SL2-ywqBDsReqhmPpQ1N6Y,place_network,place,ChIJ3SL2-ywqBDsReqhmPpQ1N6Y,Tiger Falls,tourist_attraction,4.1,1285,"W7GH+R7H, Courtallam, Tamil Nadu 627802, India",Tenkasi,Tenkasi
place::ChIJWcTJw2E4BDsRSCgWFmBhTmA,place_network,place,ChIJWcTJw2E4BDsRSCgWFmBhTmA,Manimutharu Dam Outlet,water_park,4.4,1101,"JCWF+38F, Dam, Manimutharu, Singampatti Zamindar Forest, Tamil Nadu 627421, India",Tenkasi,Tenkasi
place::ChIJyynNh8AqBDsRiwzRqzGp6EU,place_network,place,ChIJyynNh8AqBDsRiwzRqzGp6EU,Gundaru Dam,lake,4.5,1016,"Gundaru Dam, Tamil Nadu 627809",Tenkasi,Tenkasi
place::ChIJx3oBXj-HBjsRE_nhoTDm7QE,place_network,place,ChIJx3oBXj-HBjsRE_nhoTDm7QE,Erumai Chavadi Waterfalls,tourist_attraction,4.2,948,"Sivam Falls River, Puliyarai R.F. Part, Tamil Nadu 627807, India",Tenkasi,Tenkasi
place::ChIJdS50RessBDsRIrl0s_laps0,place_network,place,ChIJdS50RessBDsRIrl0s_laps0,Shendurney Wildlife Sanctuary,nature_preserve,4.4,938,"Shendurney Wild life division, Thenmala, V659+42J, 691308, India",Tenkasi,Tenkasi
place::ChIJmx_yi8kHBzsR2s_M3Lsl5qY,place_network,place,ChIJmx_yi8kHBzsR2s_M3Lsl5qY,Amappara,tourist_attraction,4.6,932,"Path,, R68M+JP5, Ramakkalmedu, Kerala 685552, India",Tenkasi,Tenkasi
place::ChIJTw4-HQspBDsRxSA2_-hlNbo,place_network,place,ChIJTw4-HQspBDsRxSA2_-hlNbo,Thrill Park,adventure_sports_center,4.9,923,"2/243, Sillaraipuravu, Ambai to Tenkasi Main Road, Mathalamparai, Tenkasi, Sillaraipuravu, Tamil Nadu 627814, India",Tenkasi,Tenkasi
place::ChIJITuH6jEoBDsRU0_yLDXVRqo,place_network,place,ChIJITuH6jEoBDsRU0_yLDXVRqo,Anniyan Parai View Point,tourist_attraction,4.3,903,"X85Q+7R5, Tamil Nadu 627814, India",Tenkasi,Tenkasi
place::ChIJER8LMBfVBTsR75-rEdGnPi4,place_network,place,ChIJER8LMBfVBTsR75-rEdGnPi4,Rajathottam view Point,nature_preserve,4.6,782,"X52X+849, Tamil Nadu 627809, India",Tenkasi,Tenkasi
place::ChIJWf8oCTHWBTsRPiZtpzQjC0Q,place_network,place,ChIJWf8oCTHWBTsRPiZtpzQjC0Q,Pallamvetty Saddle Dam,tourist_attraction,4.2,750,"W3X7+3Q6, SH59, Thenmala, Kerala 691310, India",Tenkasi,Tenkasi
place::ChIJmUq4_BaHBjsR_okcte-TvjE,place_network,place,ChIJmUq4_BaHBjsR_okcte-TvjE,Mekkarai Amusement Park,amusement_park,4.6,731,"Misty Moutain Estate, Aagasthiyar kovil street, Panboli, Mekkarai, Tamil Nadu 627807, India",Shenkottai,Shenkottai
place::ChIJ-9OaB36dBjsRlaENbL5P1ko,place_network,place,ChIJ-9OaB36dBjsRlaENbL5P1ko,Surandai market,market,4.2,703,"old Bus stand, Sivagurunathapuram, Surandai, Tamil Nadu 627859, India",Veerakeralampudur,Veerakeralampudur
place::ChIJA771Nu19BjsRu-mZnMyN80c,place_network,place,ChIJA771Nu19BjsRu-mZnMyN80c,Manalar Waterfalls(achankoil),tourist_attraction,4.4,658,"Divisional Forest Officer, Divisional Forest Office, 35CJ+XH6, Achankoil Road, Kerala 689691, India",Tenkasi,Tenkasi
place::ChIJ_9tz5U4qBDsRge10f2JIiNM,place_network,place,ChIJ_9tz5U4qBDsRge10f2JIiNM,Boat House - Courtallam குற்றாலம் படகு குழாம்,tourist_attraction,4.0,588,"Five Falls Main Rd, Courtallam, Tamil Nadu 627802, India",Tenkasi,Tenkasi
place::ChIJKxkbwjYqBDsRm9JusPV_SjQ,place_network,place,ChIJKxkbwjYqBDsRm9JusPV_SjQ,Chitraruvi,tourist_attraction,4.4,540,"W7J9+J53, Courtallam, Tamil Nadu 627802, India",Tenkasi,Tenkasi
place::ChIJrZudDynWBTsRgmRjpkW8rxI,place_network,place,ChIJrZudDynWBTsRgmRjpkW8rxI,Thenmala Dam Bridge,bridge,4.4,510,"X357+2QM, SH 2, Thenmala, Kerala 691308, India",Tenkasi,Tenkasi
place::ChIJ8cPCGwr1BjsR4eqs0jIFZmY,place_network,place,ChIJ8cPCGwr1BjsR4eqs0jIFZmY,Ranni Forest Division,nature_preserve,4.4,485,"75QC+PJJ, Gavi-Moozhiayar Road, Chittar-seethathodu, Kerala 689699, India",Tenkasi,Tenkasi
place::ChIJH0lvh7pfBDsR4JZ68aVoA5A,place_network,place,ChIJH0lvh7pfBDsR4JZ68aVoA5A,Kuthara Paanjan Waterfalls,tourist_attraction,4.4,405,"9G2P+WPV, Mahendragiri R.F., Tamil Nadu 629851, India",Tenkasi,Tenkasi
place::ChIJYYLr_vB_BjsRgDn7xtJVMDQ,place_network,place,ChIJYYLr_vB_BjsRgDn7xtJVMDQ,Kottavasal View Point,tourist_attraction,4.4,388,"SH 39, Tamil Nadu 627813, India",Tenkasi,Tenkasi
place::ChIJGdrFgPSFBjsRhm_nL3wfsO8,place_network,place,ChIJGdrFgPSFBjsRhm_nL3wfsO8,Kadayanallur Karuppanadhi Dam,tourist_attraction,4.4,372,"48P4+VM8, Tirunelveli, Vairavankulam R.F., Tamil Nadu 627751, India",Tenkasi,Tenkasi
place::ChIJ2TouncYpBDsRX7hAWeaci8A,place_network,place,ChIJ2TouncYpBDsRX7hAWeaci8A,"St. Michael's Shrine, Tenkasi",church,4.5,354,"X838+6X9, Melapuliyur, Tenkasi, Tamil Nadu 627811, India",Tenkasi,Tenkasi
place::ChIJu6_7thuBBjsRVg9YNd4l0is,place_network,place,ChIJu6_7thuBBjsRVg9YNd4l0is,Panpoli Park,park,3.9,352,"26FX+XFC, Panboli, Tamil Nadu 627807, India",Tenkasi,Tenkasi
place::ChIJKav0Do8pBDsRONXe_wPVWg4,place_network,place,ChIJKav0Do8pBDsRONXe_wPVWg4,Thirumalai Murugan Temple,hindu_temple,4.6,348,"Unnamed Road, Tenkasi, Thenpothai, Tamil Nadu 627814, India",Tenkasi,Tenkasi
place::ChIJQ1jykPgqBDsRWh_K8EP8SzM,place_network,place,ChIJQ1jykPgqBDsRWh_K8EP8SzM,Eco park courtallam,park,4.3,309,"Near, Five Falls Main Rd, Tamil Nadu 627802, India",Tenkasi,Tenkasi
place::ChIJF1I-4B8uBDsRBisQ2NN5OiQ,place_network,place,ChIJF1I-4B8uBDsRBisQ2NN5OiQ,Kadana Nathi Dam,lake,4.6,297,"Kadana Nathi Dam, Tamil Nadu 627412",Tenkasi,Tenkasi
place::ChIJTQ51yEc5BDsRchgzbmWedQM,place_network,place,ChIJTQ51yEc5BDsRchgzbmWedQM,Ambai Periyakovil Padithurai,hindu_temple,4.5,291,"MFW4+4XM, Ambasamudram, Tamil Nadu 627416, India",Tenkasi,Tenkasi
place::ChIJ308m0RKDBjsRZ0cQTKNjysU,place_network,place,ChIJ308m0RKDBjsRZ0cQTKNjysU,Sunflower Garden,tourist_attraction,4.5,280,"X9XJ+CHP, Sambavarvadakarai, Tamil Nadu 627856, India",Tenkasi,Tenkasi
place::ChIJs9Dr4fU5BDsRqbyRIkbSoBk,place_network,place,ChIJs9Dr4fU5BDsRqbyRIkbSoBk,Amma Park,park,4.2,280,"PC6G+7M3, Agasthiyarpatti, Mannarkovil, Tamil Nadu 627428, India",Tenkasi,Tenkasi
place::ChIJ4ad1C085BDsR-sHSg1RYqGI,place_network,place,ChIJ4ad1C085BDsR-sHSg1RYqGI,Sankaralinga samy padithurai,tourist_attraction,4.5,277,"MCPQ+R25, Sankarankovil Rd, Tamil Nadu 627416, India",Sankarankovil,Sankarankovil
place::ChIJv4DWN_M7BDsRLxeax-9oHoE,place_network,place,ChIJv4DWN_M7BDsRLxeax-9oHoE,Athiri Malai Temple,hindu_temple,4.6,276,"kadana dam, Alwarkurichi, Papanasam R.F., Tamil Nadu 627412, India",Tenkasi,Tenkasi
place::ChIJPfdqvkIoBDsRULHUSqls3ZE,place_network,place,ChIJPfdqvkIoBDsRULHUSqls3ZE,Kushi Water Park,water_park,3.3,248,"Megnanapuram, Tenkasi, Tamil Nadu 627814, India",Tenkasi,Tenkasi
place::ChIJzwJEEgjnBjsR0AN97RqwiyM,place_network,place,ChIJzwJEEgjnBjsR0AN97RqwiyM,Katalagar waterfalls,tourist_attraction,4.5,228,"HH85+7C8, Katalgar Temple Walk, Valaikkulam R.F., Tamil Nadu 626125, India",Tenkasi,Tenkasi
place::ChIJ2eXb9TDWBTsRApB9tySLwcY,place_network,place,ChIJ2eXb9TDWBTsRApB9tySLwcY,"Dam Boating Point, Thenmala,Kollam",tourist_attraction,4.4,222,"W3X7+4W4, Thenmala, Kerala 691310, India",Tenkasi,Tenkasi
place::ChIJYfpHd9CBBjsR0OVER0vPDzQ,place_network,place,ChIJYfpHd9CBBjsR0OVER0vPDzQ,Muthusamy Park,park,3.9,221,"X7G2+688, Shenkottai, Tamil Nadu 627809, India",Shenkottai,Shenkottai
place::ChIJDbOCbOEpBDsRGXzqHo5TGck,place_network,place,ChIJDbOCbOEpBDsRGXzqHo5TGck,Ai4 Imaging and Indexing Private Limited,bridge,4.3,220,"Railway Rd, Tenkasi, Tamil Nadu 627811, India",Tenkasi,Tenkasi
place::ChIJDQL5k-0rBDsRO0l-ghJ0xPI,place_network,place,ChIJDQL5k-0rBDsRO0l-ghJ0xPI,Gundar Private Falls,tourist_attraction,4.4,217,"Gundar dam, Kannupuli Mettu Rd, Shenkottai, Puliyarai R.F. Part, Tamil Nadu 627809, India",Shenkottai,Shenkottai
place::ChIJpyjnUcgqBDsRqKglR-rR6ic,place_network,place,ChIJpyjnUcgqBDsRqKglR-rR6ic,Kannupuli Mettu Falls,tourist_attraction,4.5,202,"Kannupuli Mettu Rd, Shenkottai, Puliyarai R.F. Part, Tamil Nadu 627809, India",Shenkottai,Shenkottai
place::ChIJMQJVGvJDBDsRlDNht-TnmEc,place_network,place,ChIJMQJVGvJDBDsRlDNht-TnmEc,Thenga urili falls,tourist_attraction,4.5,184,"GGH5+99Q, Talayanai Rd, Kalakadu R.F, Tamil Nadu 627501, India",Tenkasi,Tenkasi
place::ChIJ____vx8uBDsRdy596_hZp7Y,place_network,place,ChIJ____vx8uBDsRdy596_hZp7Y,Kadana Nathi Dam,tourist_attraction,4.7,178,"Kadana Nathi Dam, Papanasam R.F., Tamil Nadu 627412, India",Tenkasi,Tenkasi
place::ChIJ4ctFls0pBDsRULXiO18rTCc,place_network,place,ChIJ4ctFls0pBDsRULXiO18rTCc,Kizhapuliyur sub post office,park,4.1,177,"Tenkasi, Tamil Nadu 627814, India",Tenkasi,Tenkasi
place::ChIJ695M_corBDsRnPDPpXIaNdY,place_network,place,ChIJ695M_corBDsRnPDPpXIaNdY,Shenbaga Devi Waterfalls,tourist_attraction,4.5,168,"W7C8+WGG, Courtallam Slopes R.F., Tamil Nadu 627802, India",Tenkasi,Tenkasi
place::ChIJJ329cx82BDsRg4-Ca4VCsmE,place_network,place,ChIJJ329cx82BDsRg4-Ca4VCsmE,Paana Theertham water Falls,tourist_attraction,4.5,167,"J8G5+P83, Papanasam R.F., Tamil Nadu 627425, India",Tenkasi,Tenkasi
place::ChIJ9dVwpNXlBjsRYDGYo7XkJsE,place_network,place,ChIJ9dVwpNXlBjsRYDGYo7XkJsE,Ayyanar Kovil Waterfalls,tourist_attraction,4.3,161,"GCCX+65V, Tamil Nadu 626117, India",Tenkasi,Tenkasi
place::ChIJwW9191LmBjsRkZD5R5tjbhc,place_network,place,ChIJwW9191LmBjsRkZD5R5tjbhc,Rakachi Amman kovil Water Falls,tourist_attraction,4.5,157,"GGJ7+V9C, Rajapalayam, Tamil Nadu 626117, India",Tenkasi,Tenkasi
place::ChIJT0cJOkIvBDsRp3Dc1hZZjns,place_network,place,ChIJT0cJOkIvBDsRp3Dc1hZZjns,Ramanadhi Dam,tourist_attraction,4.6,155,"R8W8+HJJ, Dam Entry Rd, Melakadaiyam, Tamil Nadu 627415, India",Tenkasi,Tenkasi
place::ChIJJ2IpcmrdBjsRiMBIP75mPrI,place_network,place,ChIJJ2IpcmrdBjsRiMBIP75mPrI,Shenbaga Thoppu,tourist_attraction,4.5,154,"Srivilliputhur, Tamil Nadu 626117, India",Tenkasi,Tenkasi
place::ChIJXS_d0_rsBjsR625dSb4lWg4,place_network,place,ChIJXS_d0_rsBjsR625dSb4lWg4,"Arulmigu Koodara Paarai Sri.Bala Subramania Swamy Malai Kovil, Sivagiri",hindu_temple,4.7,137,"9C3M+99W, Viswanathapperi, Tamil Nadu 627757, India",Tenkasi,Tenkasi
place::ChIJy8yX9TEjBDsRKrgdgJb00ro,place_network,place,ChIJy8yX9TEjBDsRKrgdgJb00ro,Break Spot,cafe,4.4,122,"VFFC+2W2, Tenkasi - Tirunelveli Rd, Alangulam, Kaluneerkulam, Tamil Nadu 627851, India",Tenkasi,Tenkasi
place::ChIJWdA66vGHBjsRhYoqWoO-3X0,place_network,place,ChIJWdA66vGHBjsRhYoqWoO-3X0,Mekkarai paddy field,tourist_attraction,4.8,120,"364G+CGM, Mekkarai Dam Rd, Achampudur, Mekkarai, Tamil Nadu 627807, India",Shenkottai,Shenkottai
place::ChIJAzU2LrmXBjsRtKAvjEwKyQM,place_network,place,ChIJAzU2LrmXBjsRtKAvjEwKyQM,திருவள்ளுவர் பூங்கா Thiruvalluvar Park,park,4.1,117,"5GHP+566, Gomathiyapuram, Sankarankoil, Tamil Nadu 627756, India",Sankarankovil,Sankarankovil
place::ChIJWbtqLwArBDsRGyMHNLc54jA,place_network,place,ChIJWbtqLwArBDsRGyMHNLc54jA,Main falls Arch,tourist_attraction,4.6,116,"1A, Five Falls Main Rd, Courtallam, Tamil Nadu 627802, India",Tenkasi,Tenkasi
place::ChIJTx41qRWHBjsRhJ24CoYHETI,place_network,place,ChIJTx41qRWHBjsRhJ24CoYHETI,Mekkarai,tourist_attraction,4.6,109,"365H+925, Mekkarai Dam Rd, Achampudur, Tamil Nadu 627807, India",Shenkottai,Shenkottai
place::ChIJ72IPMsYpBDsRfKh1L8TI4cc,place_network,place,ChIJ72IPMsYpBDsRfKh1L8TI4cc,Vaikalpaalam bridge,bridge,4.3,95,"tenkasi vaikalpaalam, Melapuliyur, Tenkasi, Tamil Nadu 627811, India",Tenkasi,Tenkasi
place::ChIJMRHgkG94BjsRt79b3yhE0qA,place_network,place,ChIJMRHgkG94BjsRt79b3yhE0qA,Kallada Stream Ottakal,park,4.2,88,"X2CV+XHP, Ottakal, Kerala 691308, India",Tenkasi,Tenkasi
place::ChIJM0QzRSjWBTsRnN8-I46qXuE,place_network,place,ChIJM0QzRSjWBTsRnN8-I46qXuE,Kallada Dam,tourist_attraction,4.4,87,"X358+C97, SH 2, Thenmala, Kerala 691308, India",Tenkasi,Tenkasi
place::ChIJB9v7CsUpBDsR9m63ZDC_Z0Q,place_network,place,ChIJB9v7CsUpBDsR9m63ZDC_Z0Q,Vembadi Mosque,mosque,4.6,86,"X849+GQ6, 186/22K, SKP St, Tenkasi, Tamil Nadu 627811, India",Tenkasi,Tenkasi
place::ChIJVaySRBQqBDsRTiMS9vg2e2E,place_network,place,ChIJVaySRBQqBDsRTiMS9vg2e2E,"Courtallam Tourism ,குற்றாலம் சுற்றுலா",tourist_information_center,4.2,85,"19/2 ,MG Resorts Campus, Five Falls Bypass Road Ilanji Courtallam, Tenkasi, Tamil Nadu 627802, India",Tenkasi,Tenkasi
place::ChIJzenf9bgjBDsRKu4PTt-7chk,place_network,place,ChIJzenf9bgjBDsRKu4PTt-7chk,"Sorimuthu Ayyanar kovil Alangulam,",hindu_temple,4.7,83,"VG82+9M2, Alangulam, Tamil Nadu 627851, India",Alangulam,Alangulam
place::ChIJ0xaj02V5BjsRnOSAKrKLr0c,place_network,place,ChIJ0xaj02V5BjsRnOSAKrKLr0c,Thenmala Eco Adventure Park,tourist_attraction,4.2,79,"X393+GMF, Thenmala, Kerala 691308, India",Tenkasi,Tenkasi
place::ChIJR_7XweMrBDsR-Deh8t3QKaE,place_network,place,ChIJR_7XweMrBDsR-Deh8t3QKaE,NSP falls,tourist_attraction,4.4,75,"W6P5+X64, Kannupuli Mettu Rd, Puliyarai R.F. Part, Tamil Nadu 627809, India",Tenkasi,Tenkasi
place::ChIJRYY_rQGBBjsRFzW_3wD1zIc,place_network,place,ChIJRYY_rQGBBjsRFzW_3wD1zIc,"Ammaiyar Ootru, Seevanallur",tourist_attraction,4.5,73,"277F+H7J, Seevanallur Rd, Elathur, Tamil Nadu 627803, India",Tenkasi,Tenkasi
place::ChIJZ-zxuGY9BDsRrMy860z5NG8,place_network,place,ChIJZ-zxuGY9BDsRrMy860z5NG8,Ariyanayagipuram check dam,tourist_attraction,4.5,72,"PGHJ+67R, Vadakku Ariyanayakipuram, Tamil Nadu 627603, India",Tenkasi,Tenkasi
place::ChIJK0NZsjHWBTsRmQc2zfFZbdw,place_network,place,ChIJK0NZsjHWBTsRmQc2zfFZbdw,Thenmala Reservoir Boating Point,tourist_attraction,4.4,68,"X339+8WJ, Thenmala, Kerala 691310, India",Tenkasi,Tenkasi
place::ChIJ8XZAdBorBDsRCFo9YHNralM,place_network,place,ChIJ8XZAdBorBDsRCFo9YHNralM,LE FALLS,private_guest_room,4.7,65,"Door No 80, ST-4, Parasakthi Nagar, Courtallam, Tamil Nadu 627802, India",Tenkasi,Tenkasi
place::ChIJ03S4wKcqBDsR8SJ8qShQuVA,place_network,place,ChIJ03S4wKcqBDsR8SJ8qShQuVA,Mottai Dam,tourist_attraction,4.5,65,"X674+HW9, Puliyarai R.F. Part, Tamil Nadu 627809, India",Tenkasi,Tenkasi
place::ChIJjU74dBhdBDsRI5lqEHTos7M,place_network,place,ChIJjU74dBhdBDsRI5lqEHTos7M,Thirukurungudi Lake side,tourist_attraction,4.4,61,"CHM6+5PH, SH 177, Nambithoppu, Tamil Nadu 627115, India",Tenkasi,Tenkasi
place::ChIJnzg1ZEyQBjsRGfXYSNapEy8,place_network,place,ChIJnzg1ZEyQBjsRGfXYSNapEy8,Agasthiyar Temple,hindu_temple,4.6,60,"19, W Car St, Chinthamani, Tamil Nadu 627855, India",Tenkasi,Tenkasi
place::ChIJ6595L7OPBjsRpsrMEvpp2oM,place_network,place,ChIJ6595L7OPBjsRpsrMEvpp2oM,Munthal Falls,tourist_attraction,4.6,53,"595C+5MX முந்தல் மலை, Mundhal Rd, Krishnapuram R.F., Tamil Nadu 627855, India",Tenkasi,Tenkasi
place::ChIJNTlP4oYvBDsRzFjXuufmSLA,place_network,place,ChIJNTlP4oYvBDsRzFjXuufmSLA,Ramanathi River View Point,tourist_attraction,4.3,53,"R8RM+P6C, Melakadaiyam, Tamil Nadu 627415, India",Tenkasi,Tenkasi
place::ChIJCW90tIC5BjsRvx0oTnleNA4,place_network,place,ChIJCW90tIC5BjsRvx0oTnleNA4,Thiruvengadam taluk office,shopping_mall,3.3,53,"7M6F+RQ6, Thiruvengadam, Tamil Nadu 627719, India",Sankarankovil,Sankarankovil
place::ChIJxQpqzU5_BjsRqcYtZsnj2bA,place_network,place,ChIJxQpqzU5_BjsRqcYtZsnj2bA,Bhagavathipuram water falls,tourist_attraction,4.5,48,"25GG+FR, Puliyarai R.F. Part, Tamil Nadu 627813, India",Tenkasi,Tenkasi
place::ChIJr72NwE6DBjsRvST4d7NaI3s,place_network,place,ChIJr72NwE6DBjsRvST4d7NaI3s,Tenkasi Municipal Park,park,3.9,48,"X8F4+RG8, Tenkasi Housing Board, Tenkasi, Tamil Nadu 627811, India",Tenkasi,Tenkasi
place::ChIJ55TLRMQpBDsR2NtNHVFpAbA,place_network,place,ChIJ55TLRMQpBDsR2NtNHVFpAbA,Ambi Paara,tourist_attraction,4.0,47,"X85Q+7R5, Unnamed Road, Tenkasi, Tamil Nadu 627814, India",Tenkasi,Tenkasi
place::ChIJX6BjwiEnBDsRJ_cID8CZrMc,place_network,place,ChIJX6BjwiEnBDsRJ_cID8CZrMc,Veerakeralampudur,hindu_temple,4.0,47,"WCMX+R6M, Tirunelveli, Veerakeralampudur, Tamil Nadu 627861, India",Veerakeralampudur,Veerakeralampudur
place::ChIJD43vCQCHBjsRweVMYff8XNw,place_network,place,ChIJD43vCQCHBjsRweVMYff8XNw,Dam View Point,tourist_attraction,4.3,45,"36CJ+QQ4, MDR924, Mekkarai, Puliyarai R.F. Part, Tamil Nadu 627807, India",Shenkottai,Shenkottai
place::ChIJy2EmcOYpBDsReZOrnAi6nak,place_network,place,ChIJy2EmcOYpBDsReZOrnAi6nak,Tenkasi Lake,lake,3.9,42,"Tenkasi Lake, Tenkasi, Tamil Nadu 627811",Tenkasi,Tenkasi
place::ChIJ_TQF9R4VBDsRrCuTbflWOow,place_network,place,ChIJ_TQF9R4VBDsRrCuTbflWOow,Cheranmahadevi thamirabarani river bathing point,tourist_attraction,4.5,41,"PH27+3X4, Cheranmahadevi, Tamil Nadu 627010, India",Tenkasi,Tenkasi
place::ChIJs5yD-vMjBDsRqDUAR4-_uAk,place_network,place,ChIJs5yD-vMjBDsRqDUAR4-_uAk,Ramar Temple Arch,hindu_temple,4.3,41,"VFCG+JJC, SH 39, Alangulam, Kaluneerkulam, Tamil Nadu 627851, India",Alangulam,Alangulam
place::ChIJl0XA89yNBjsRqIaoj43e2y0,place_network,place,ChIJl0XA89yNBjsRqIaoj43e2y0,"Thalayanai thirutha parai falls, தலையணை திருத்தப்பாறை அருவி",tourist_attraction,4.7,40,"78WG+XF, Sivagiri R.F., Tamil Nadu 627760, India",Sivagiri,Sivagiri
place::ChIJgUzFlGGHBjsRhNQqli9BmKo,place_network,place,ChIJgUzFlGGHBjsRhNQqli9BmKo,Mekkarai paddy field View Point,tourist_attraction,4.6,40,"366H+QG2, Mekkarai Dam Rd, Achampudur, Tamil Nadu 627807, India",Shenkottai,Shenkottai
place::ChIJdxLncnIpBDsRVTR-LGvw5IE,place_network,place,ChIJdxLncnIpBDsRVTR-LGvw5IE,Courtallam Tenkasi Road Taj Mahal taxi parking,tourist_attraction,4.5,39,"W7VQ+8V8, SH 40, Taj Mahal park, Courtallam, Tamil Nadu 627802, India",Tenkasi,Tenkasi
place::ChIJdXZuOVN1BDsRo4MXhjggCPw,place_network,place,ChIJdXZuOVN1BDsRo4MXhjggCPw,Tamirabarani River dam falls,tourist_attraction,4.6,38,"435, Major District Road, near bus stop, Tirunelveli, Srivaikuntam, Tamil Nadu 628621, India",Tenkasi,Tenkasi
place::ChIJl59G2XAvBDsRItkS__oPRJw,place_network,place,ChIJl59G2XAvBDsRItkS__oPRJw,Yanai parai,tourist_attraction,4.1,34,"R9X7+2PW, Kilakadayam, Tamil Nadu 627415, India",Tenkasi,Tenkasi
place::ChIJnxEU5r8pBDsRUriXx2MH-XI,place_network,place,ChIJnxEU5r8pBDsRUriXx2MH-XI,Arulmigu ooikaattu sudalai swamy kovil,hindu_temple,4.7,33,"W8WF+93M, Tenkasi, Tamil Nadu 627811, India",Tenkasi,Tenkasi
place::ChIJjfO2v0cjBDsRsKc-LKoWRkQ,place_network,place,ChIJjfO2v0cjBDsRsKc-LKoWRkQ,Shri Sorimuthu Ayyanar Temple,hindu_temple,4.6,33,"VGF6+8P4, Tamil Nadu 627853, India",Tenkasi,Tenkasi
place::ChIJ681py5edBjsRbgFCDabz7qc,place_network,place,ChIJ681py5edBjsRbgFCDabz7qc,Sunfield sambavar vadakarai,tourist_attraction,4.5,31,"X9WR+PVH, Sambavarvadakarai, Tamil Nadu 627856, India",Tenkasi,Tenkasi
place::ChIJHbVehgk7BDsR90fxH8NyjdI,place_network,place,ChIJHbVehgk7BDsR90fxH8NyjdI,"Vagaikulam Bird Sanctuary - Tenkasi, Tamilnadu",point_of_interest,4.5,30,"Q9WH+8VP, Unnamed Road, Virasamudram, Tamil Nadu 627412, India",Tenkasi,Tenkasi
place::ChIJNd6V4hQpBDsRdin5ED4v_gk,place_network,place,ChIJNd6V4hQpBDsRdin5ED4v_gk,Falls,tourist_attraction,4.4,30,"X73R+7G5, Tamil Nadu 627818, India",Tenkasi,Tenkasi
place::ChIJa2HAxYaBBjsRLEYXjUoKnoo,place_network,place,ChIJa2HAxYaBBjsRLEYXjUoKnoo,PUDUR NEERTHEKAM,tourist_attraction,4.3,28,"2634+4GW, Tamil Nadu 627813, India",Tenkasi,Tenkasi
place::ChIJGbc6sSKdBjsRmvw5EigekSo,place_network,place,ChIJGbc6sSKdBjsRmvw5EigekSo,Surandai Sri Pathirakaliamman Temple,hindu_temple,4.9,27,"Pathirakali Amman Temple, Surandai, Tamil Nadu 627859, India",Veerakeralampudur,Veerakeralampudur
place::ChIJcfvrXkC5BjsRu3pY0p9dUgA,place_network,place,ChIJcfvrXkC5BjsRu3pY0p9dUgA,Thiruvengadanathar Temple,hindu_temple,4.6,27,"7M6F+VH2, Thiruvengadam, Tamil Nadu 627719, India",Sankarankovil,Sankarankovil
place::ChIJPYrLA3ydBjsR76Lqd0JtI1g,place_network,place,ChIJPYrLA3ydBjsR76Lqd0JtI1g,Sri poddal Madasamy Kovil Temple,hindu_temple,4.6,27,"XCH9+G54, Surandai, Tamil Nadu 627859, India",Veerakeralampudur,Veerakeralampudur
place::ChIJ-a4Fh485BDsReE8HkiZ5qBg,place_network,place,ChIJ-a4Fh485BDsReE8HkiZ5qBg,Manimuthar Dam Shutter,tourist_attraction,4.2,26,"Thamirabarani River Bridge, Unnamed Road, Tamil Nadu 627421, India",Tenkasi,Tenkasi
place::ChIJ1Wp9B0cjBDsRzwzPf4lYZYw,place_network,place,ChIJ1Wp9B0cjBDsRzwzPf4lYZYw,ISCA INDRA GARDEN,garden,4.7,25,"SH 39, Tamil Nadu 627853, India",Tenkasi,Tenkasi
place::ChIJIdet46mHBjsR3PbLSmjxSUM,place_network,place,ChIJIdet46mHBjsR3PbLSmjxSUM,Kadayanallur Stone River,national_park,4.6,24,"479P+C2H, Kadayanallur Upper Slopes, Tamil Nadu 627751, India",Kadayanallur,Kadayanallur
place::ChIJWRNsgJU3BDsRSULsvBpnuQs,place_network,place,ChIJWRNsgJU3BDsRSULsvBpnuQs,Thalaiyanai Bathing spot,tourist_attraction,4.5,24,"P959+95, Papanasam, Tamil Nadu 627425, India",Tenkasi,Tenkasi
place::ChIJQ96D1M8rBDsRqt6w84FGNmw,place_network,place,ChIJQ96D1M8rBDsRqt6w84FGNmw,Gundar Public Falls,tourist_attraction,4.3,24,"W6P5+X64, Kannupuli Mettu Rd, Puliyarai R.F. Part, Tamil Nadu 627809, India",Tenkasi,Tenkasi
place::ChIJiXq8FNyDBjsR9EQydtqPwPU,place_network,place,ChIJiXq8FNyDBjsR9EQydtqPwPU,Tenkasi - Kadayanallur Roundana,historical_landmark,4.8,21,"Ena Vilakku, Bus Stop, NH 744, Tamil Nadu 627804, India",Tenkasi,Tenkasi
place::ChIJI2hEcrL9BDsR5bM1IMY333I,place_network,place,ChIJI2hEcrL9BDsR5bM1IMY333I,Big Rock,hiking_area,4.7,21,"56RP+36X, Alanchi, Tamil Nadu 629251, India",Tenkasi,Tenkasi
place::ChIJ4Uo7n3mdBjsRqe7VZR4A1po,place_network,place,ChIJ4Uo7n3mdBjsRqe7VZR4A1po,ARULMIGU THIRUMALAIYANDAVAR KOVIL,hindu_temple,4.4,21,"XCJ9+GXQ, Sivagurunathapuram, Surandai, Tamil Nadu 627859, India",Veerakeralampudur,Veerakeralampudur
place::ChIJHfKoNpbtBjsRbySESoZ8Eqc,place_network,place,ChIJHfKoNpbtBjsRbySESoZ8Eqc,Rock view point,tourist_attraction,4.2,21,"9C3Q+3V6, NH 744, Viswanathapperi, Tamil Nadu 627757, India",Tenkasi,Tenkasi
place::ChIJUVFdlWidBjsR4jH_7xKQb4g,place_network,place,ChIJUVFdlWidBjsR4jH_7xKQb4g,ஸ்ரீ வெற்றி பத்திரகாளி அம்மன் கோவில் & ஸ்ரீ வெற்றிவேல் ஐயனார் கோவில்,hindu_temple,4.8,20,"XCM4+R7J, Surandai, Tamil Nadu 627859, India",Veerakeralampudur,Veerakeralampudur
place::ChIJSTeBrTmdBjsR7mRML4o9kNQ,place_network,place,ChIJSTeBrTmdBjsR7mRML4o9kNQ,Tr. Agastheeswarar Temple Cave,hindu_temple,4.4,20,"X9WR+JR3, Pavoorchatram - Surandai - Shencottai, Sambavarvadakarai, Tamil Nadu 627856, India",Veerakeralampudur,Veerakeralampudur
place::ChIJLadwo8YpBDsRT3xwA0_FTbw,place_network,place,ChIJLadwo8YpBDsRT3xwA0_FTbw,Kulasekaranathar Temple,hindu_temple,4.7,19,"X838+2HJ, Tenkasi, Tamil Nadu 627811, India",Tenkasi,Tenkasi
place::ChIJn6PVEciBBjsRUaH9qRKGb0A,place_network,place,ChIJn6PVEciBBjsRUaH9qRKGb0A,Ariharanathi falls,tourist_attraction,4.4,19,"X7FC+WW3, Kottakulam, Tamil Nadu 627805, India",Tenkasi,Tenkasi
place::ChIJebL0AYyHBjsRTxHUtm8V2z8,place_network,place,ChIJebL0AYyHBjsRTxHUtm8V2z8,Private Falls,tourist_attraction,4.3,19,"36F8+6Q5, Mekkarai, Tamil Nadu 627807, India",Shenkottai,Shenkottai
place::ChIJERqhq22FBjsRaJiYVNaOPj0,place_network,place,ChIJERqhq22FBjsRaJiYVNaOPj0,Kadayanallur Periya Aaru,tourist_attraction,4.1,19,"482C+RQF, Kadayanallur, Tamil Nadu 627751, India",Kadayanallur,Kadayanallur
place::ChIJcdBTWrKFBjsRfnEQkscgshs,place_network,place,ChIJcdBTWrKFBjsRfnEQkscgshs,கடையநல்லூர் கல்லாறு,tourist_attraction,4.3,16,"479Q+C72, Kadayanallur Upper Slopes, Tamil Nadu 627751, India",Kadayanallur,Kadayanallur
place::ChIJdz0NeZwpBDsRe-5ddjICWXg,place_network,place,ChIJdz0NeZwpBDsRe-5ddjICWXg,Funland natural falls no cost,park,4.5,15,"W7FW+XGF, Tamil Nadu 627814, India",Tenkasi,Tenkasi
place::ChIJW6hgB1-DBjsRtONaTppN-qM,place_network,place,ChIJW6hgB1-DBjsRtONaTppN-qM,achanputhurseemai,tourist_attraction,4.4,15,"27QX+59Q, MDR431, Achampudur, Tamil Nadu 627803, India",Tenkasi,Tenkasi
place::ChIJq6raASnWBTsRg6MRD__traA,place_network,place,ChIJq6raASnWBTsRg6MRD__traA,Thenmala Dam Entrance,tourist_attraction,4.2,15,"X358+323, SH 2, Thenmala, Kerala 691308, India",Tenkasi,Tenkasi
place::ChIJzToWHj8pBDsRNvVdi62xu1g,place_network,place,ChIJzToWHj8pBDsRNvVdi62xu1g,"Anniyan parai lake, puliyur",tourist_attraction,4.3,14,"X85Q+HH, Tenkasi, Tamil Nadu 627814, India",Tenkasi,Tenkasi
place::ChIJCTzZZiEnBDsRSCbKYYHWVvA,place_network,place,ChIJCTzZZiEnBDsRSCbKYYHWVvA,Arulmigu Uchinimahali Amman temple v k pudur,hindu_temple,4.3,13,"WFP2+5GX, Veerakeralampudur, Tamil Nadu 627861, India",Veerakeralampudur,Veerakeralampudur
place::ChIJWfsnAAArBDsRyb5q2KR_aoU,place_network,place,ChIJWfsnAAArBDsRyb5q2KR_aoU,Gundaru dam Boating,park,4.9,11,"Gundaru Dam, Puliyarai R.F. Part, Tamil Nadu 627809, India",Tenkasi,Tenkasi
place::ChIJ_RL3fwHtBjsRf-iL7es_CCw,place_network,place,ChIJ_RL3fwHtBjsRf-iL7es_CCw,தேவர் சிலை,park,4.6,11,"8CVJ+H9F, Sivagiri, Tamil Nadu 627757, India",Sivagiri,Sivagiri
place::ChIJ4_gKm7MrBDsRKsWWQp_WprM,place_network,place,ChIJ4_gKm7MrBDsRKsWWQp_WprM,TR FALLS,tourist_attraction,4.2,11,"W6H2+HG, Puliyarai R.F. Part, Tamil Nadu 627809, India",Tenkasi,Tenkasi
place::ChIJ9Ri3vj2dBjsRuUVf6SNP2fk,place_network,place,ChIJ9Ri3vj2dBjsRuUVf6SNP2fk,Tenkasi,hindu_temple,4.8,9,"293V+3V4, Kovilandanoor Rd, Sambavarvadakarai, Tamil Nadu 627856, India",Tenkasi,Tenkasi
place::ChIJLRKQ_zkpBDsR2Ss9Ye4itMg,place_network,place,ChIJLRKQ_zkpBDsR2Ss9Ye4itMg,Chittraru Check dam,tourist_attraction,4.4,9,"X82Q+4HV, Tamil Nadu 627814, India",Tenkasi,Tenkasi
place::ChIJ96R4jXudBjsRECgwFvGqk5Q,place_network,place,ChIJ96R4jXudBjsRECgwFvGqk5Q,Sri Mathalapandi Temple,hindu_temple,4.4,9,"XCH8+GQW, Pottalmadasamy Kovil St, Surandai, Tamil Nadu 627859, India",Veerakeralampudur,Veerakeralampudur
place::ChIJOUefPGkxBDsRLVNIHIf6eAw,place_network,place,ChIJOUefPGkxBDsRLVNIHIf6eAw,Mini silver falls,tourist_attraction,4.0,9,"Tenkasi, Mela Ambur, Tamil Nadu 627418, India",Tenkasi,Tenkasi
place::ChIJEz0dFwcpBDsRFzBAfksFjRQ,place_network,place,ChIJEz0dFwcpBDsRFzBAfksFjRQ,Prana Miyawaki 2.0 - Tenkasi,national_park,5.0,8,"X828+P2R, SH 39, Melapuliyur, Tenkasi, Tamil Nadu 627811, India",Tenkasi,Tenkasi
place::ChIJn2YR4tydBjsR76Ujn5xhak8,place_network,place,ChIJn2YR4tydBjsR76Ujn5xhak8,Sri Saptha Kanni Amman Kovil,hindu_temple,5.0,7,"XCF6+VH4, Surandai, Tamil Nadu 627859, India",Veerakeralampudur,Veerakeralampudur
place::ChIJp6hF5x4rBDsRl1Fk7DNCBUg,place_network,place,ChIJp6hF5x4rBDsRl1Fk7DNCBUg,View Point,tourist_attraction,4.9,7,"X659+C3C, Puliyarai R.F. Part, Tamil Nadu 627809, India",Tenkasi,Tenkasi
place::ChIJJ1pLSishBDsRmiEY-mLj60Y,place_network,place,ChIJJ1pLSishBDsRmiEY-mLj60Y,Sivalingapuram DAM,tourist_attraction,3.8,6,"WF9H+3Q3, Thuthikulam - Sivalingapuram, Alangulam, Tamil Nadu 627853, India",Alangulam,Alangulam
place::ChIJqSs_jz4rBDsRsP1P89QtBvA,place_network,place,ChIJqSs_jz4rBDsRsP1P89QtBvA,Mayiladumparai,nature_preserve,4.4,5,"X64G+3XW, Shenkottai, Tamil Nadu 627809, India",Shenkottai,Shenkottai
place::ChIJKat96ayHBjsRj2Bj6PVoPOQ,place_network,place,ChIJKat96ayHBjsRj2Bj6PVoPOQ,Mekkarai Diamond falls,tourist_attraction,4.0,5,"3657+G3Q, Mekkarai, Tamil Nadu 627807, India",Shenkottai,Shenkottai
place::ChIJ2aTh0oMrBDsRv4cmIKqt01A,place_network,place,ChIJ2aTh0oMrBDsRv4cmIKqt01A,Pazhathotta aruvi,water_park,4.8,4,"W6HP+8G, Courtallam Slopes R.F., Tamil Nadu 627802, India",Tenkasi,Tenkasi
place::ChIJX0tommqBBjsRdNtPn5ZGwbw,place_network,place,ChIJX0tommqBBjsRdNtPn5ZGwbw,Anna Nagar Park,park,4.8,4,"X6GR+8P6, Shenkottai, Tamil Nadu 627809, India",Shenkottai,Shenkottai
place::ChIJpYSiHEG5BjsR1ZNJlloOrvI,place_network,place,ChIJpYSiHEG5BjsR1ZNJlloOrvI,Padikasu Vinayagar Temple,hindu_temple,5.0,3,"7M6F+64P, Thiruvengadam, Tamil Nadu 627719, India",Sankarankovil,Sankarankovil
place::ChIJ59WpP4UpBDsR5oYgTYmyhno,place_network,place,ChIJ59WpP4UpBDsR5oYgTYmyhno,Temple,tourist_attraction,4.7,3,"X848+H39, Tenkasi, Tamil Nadu 627811, India",Tenkasi,Tenkasi
place::ChIJ36JWOwC5BjsRugbLvK0JrnA,place_network,place,ChIJ36JWOwC5BjsRugbLvK0JrnA,Iraichan water fall,tourist_attraction,4.7,3,"8P55+6M3, Kilanmarinadu, Tamil Nadu 626140, India",Tenkasi,Tenkasi
