node,graph_name,node_type,place_id,label,category,rating,total_user_ratings
place::ChIJK_vW_PgqBDsRl61YBJHIHuY,user_place_bipartite,place,ChIJK_vW_PgqBDsRl61YBJHIHuY,Courtallam Five Falls,tourist_attraction,4.4,39765.0
place::ChIJYcmgkrEXrjsRLJXEahB3kOs,user_place_bipartite,place,ChIJYcmgkrEXrjsRLJXEahB3kOs,Indiahikes,travel_agency,4.9,13610.0
place::ChIJS4UuXhkrBDsRolNUEQ3qPoI,user_place_bipartite,place,ChIJS4UuXhkrBDsRolNUEQ3qPoI,Coutrallam Main Waterfalls,tourist_attraction,4.4,12745.0
place::ChIJq0u5QegpBDsRAjW5G91ajmk,user_place_bipartite,place,ChIJq0u5QegpBDsRAjW5G91ajmk,"Arulmigu Kaasi Viswanathar Temple, Tenkasi(Pancha Kashi)",hindu_temple,4.7,12348.0
place::ChIJOXLCPOgpBDsR1ahseikbHMM,user_place_bipartite,place,ChIJOXLCPOgpBDsR1ahseikbHMM,Ulagamman Kasi Viswanathar Kovil Tenkasi,hindu_temple,4.7,8532.0
place::ChIJEU6I6hKDBjsRvMeXfF6jNy8,user_place_bipartite,place,ChIJEU6I6hKDBjsRvMeXfF6jNy8,Tenkasi New Bus Stand,transportation_service,3.9,8290.0
place::ChIJA9XmEZaXBjsREmckXJgSs8g,user_place_bipartite,place,ChIJA9XmEZaXBjsREmckXJgSs8g,Arulmigu Sankaranarayana Swamy Temple,hindu_temple,4.7,6991.0
place::ChIJSbdL6FwpBDsRe3ls0A6mwDI,user_place_bipartite,place,ChIJSbdL6FwpBDsRe3ls0A6mwDI,Old Courtallam Falls,tourist_attraction,4.5,6259.0
place::ChIJ1WAtoyzvBTsR_KDWpC-b72Q,user_place_bipartite,place,ChIJ1WAtoyzvBTsR_KDWpC-b72Q,Sivagiri Mutt,place_of_worship,4.6,5616.0
place::ChIJs0Wor3DVBTsR3EUyE5eY0po,user_place_bipartite,place,ChIJs0Wor3DVBTsR3EUyE5eY0po,Palaruvi Waterfalls,tourist_attraction,4.5,5402.0
place::ChIJh_EnhcOABjsRHN91tNw1LuI,user_place_bipartite,place,ChIJh_EnhcOABjsRHN91tNw1LuI,Arulmigu Thirumalai Kumaraswamy Temple,hindu_temple,4.7,5079.0
place::ChIJVwjgd1i0BzsRblc5epBLSdk,user_place_bipartite,place,ChIJVwjgd1i0BzsRblc5epBLSdk,Karikadu View Point,tourist_attraction,4.4,4771.0
place::ChIJ5U3FUsN6BzsRXLUT1A2krkE,user_place_bipartite,place,ChIJ5U3FUsN6BzsRXLUT1A2krkE,Mannavanur Lake,tourist_attraction,4.6,3642.0
place::ChIJq_30syfHBTsRDN_ppvdu-Qw,user_place_bipartite,place,ChIJq_30syfHBTsRDN_ppvdu-Qw,Happyland Water Theme & Amusement Park,amusement_park,3.7,3418.0
place::ChIJYX7Kl4vtBDsR039NLAJ_YqA,user_place_bipartite,place,ChIJYX7Kl4vtBDsR039NLAJ_YqA,Sunset View Point,tourist_attraction,4.5,3377.0
place::ChIJw7X27VwpBDsREcsa7LVsoOo,user_place_bipartite,place,ChIJw7X27VwpBDsREcsa7LVsoOo,Palaya Kutraalam,tourist_attraction,4.5,3321.0
place::ChIJ8YVwxCXWBTsRvT3uZ68XOd4,user_place_bipartite,place,ChIJ8YVwxCXWBTsRvT3uZ68XOd4,Thenmala Dam,tourist_attraction,4.3,3163.0
place::ChIJ0c7lGSrWBTsRkBSbPcVBkXY,user_place_bipartite,place,ChIJ0c7lGSrWBTsRkBSbPcVBkXY,Thenmala Ecotourism,tour_agency,4.1,2818.0
place::ChIJs-vSFNY3BDsR89RjoQRctKQ,user_place_bipartite,place,ChIJs-vSFNY3BDsR89RjoQRctKQ,Agasthiyar Falls,tourist_attraction,4.6,2486.0
place::ChIJD78c1f55TToRGLpH8xxbK4A,user_place_bipartite,place,ChIJD78c1f55TToRGLpH8xxbK4A,Exoticamp,childrens_camp,4.8,2403.0
place::ChIJpYX5oKS0BzsRCF-SFs2O4X4,user_place_bipartite,place,ChIJpYX5oKS0BzsRCF-SFs2O4X4,Thangalpara,tourist_attraction,4.5,2208.0
place::ChIJr_DnasZDBDsRdHpzZHl96h0,user_place_bipartite,place,ChIJr_DnasZDBDsRdHpzZHl96h0,Kalakad Thalayanai,tourist_attraction,4.5,2205.0
place::ChIJ1S7Asz1_BjsRHMPTvhPcsew,user_place_bipartite,place,ChIJ1S7Asz1_BjsRHMPTvhPcsew,Thenmala Reserve Forest,tourist_attraction,4.4,2182.0
place::ChIJEcufPSnWBTsRxy-_bLmZmH8,user_place_bipartite,place,ChIJEcufPSnWBTsRxy-_bLmZmH8,Leisure Zone and Sculpture Garden,tourist_attraction,4.1,2141.0
place::ChIJj5J6tMg2BDsRz7ctSBm1ssY,user_place_bipartite,place,ChIJj5J6tMg2BDsRz7ctSBm1ssY,Mundanthurai Tiger Reserve,national_park,4.4,2081.0
place::ChIJKdfVQHx4BjsRaFlls0YJF5k,user_place_bipartite,place,ChIJKdfVQHx4BjsRaFlls0YJF5k,Deer Park | Thenmala,zoo,3.9,1937.0
place::ChIJp799eI9HBDsR3P-8VWdE1GY,user_place_bipartite,place,ChIJp799eI9HBDsR3P-8VWdE1GY,Manimutharu WaterFalls,tourist_attraction,4.6,1784.0
place::ChIJ4_X9FJh9BjsR_17bRtA6rsQ,user_place_bipartite,place,ChIJ4_X9FJh9BjsR_17bRtA6rsQ,Kumbhavurutty Falls,tourist_attraction,4.4,1371.0
place::ChIJLXq4koaBBjsRPotpsyTXmss,user_place_bipartite,place,ChIJLXq4koaBBjsRPotpsyTXmss,Shenkottai Bus Stand,travel_agency,3.6,1324.0
place::ChIJ3SL2-ywqBDsReqhmPpQ1N6Y,user_place_bipartite,place,ChIJ3SL2-ywqBDsReqhmPpQ1N6Y,Tiger Falls,tourist_attraction,4.1,1285.0
place::ChIJWcTJw2E4BDsRSCgWFmBhTmA,user_place_bipartite,place,ChIJWcTJw2E4BDsRSCgWFmBhTmA,Manimutharu Dam Outlet,water_park,4.4,1101.0
place::ChIJyynNh8AqBDsRiwzRqzGp6EU,user_place_bipartite,place,ChIJyynNh8AqBDsRiwzRqzGp6EU,Gundaru Dam,lake,4.5,1016.0
place::ChIJx3oBXj-HBjsRE_nhoTDm7QE,user_place_bipartite,place,ChIJx3oBXj-HBjsRE_nhoTDm7QE,Erumai Chavadi Waterfalls,tourist_attraction,4.2,948.0
place::ChIJdS50RessBDsRIrl0s_laps0,user_place_bipartite,place,ChIJdS50RessBDsRIrl0s_laps0,Shendurney Wildlife Sanctuary,nature_preserve,4.4,938.0
place::ChIJmx_yi8kHBzsR2s_M3Lsl5qY,user_place_bipartite,place,ChIJmx_yi8kHBzsR2s_M3Lsl5qY,Amappara,tourist_attraction,4.6,932.0
place::ChIJTw4-HQspBDsRxSA2_-hlNbo,user_place_bipartite,place,ChIJTw4-HQspBDsRxSA2_-hlNbo,Thrill Park,adventure_sports_center,4.9,923.0
place::ChIJITuH6jEoBDsRU0_yLDXVRqo,user_place_bipartite,place,ChIJITuH6jEoBDsRU0_yLDXVRqo,Anniyan Parai View Point,tourist_attraction,4.3,903.0
place::ChIJER8LMBfVBTsR75-rEdGnPi4,user_place_bipartite,place,ChIJER8LMBfVBTsR75-rEdGnPi4,Rajathottam view Point,nature_preserve,4.6,782.0
place::ChIJWf8oCTHWBTsRPiZtpzQjC0Q,user_place_bipartite,place,ChIJWf8oCTHWBTsRPiZtpzQjC0Q,Pallamvetty Saddle Dam,tourist_attraction,4.2,750.0
place::ChIJmUq4_BaHBjsR_okcte-TvjE,user_place_bipartite,place,ChIJmUq4_BaHBjsR_okcte-TvjE,Mekkarai Amusement Park,amusement_park,4.6,731.0
place::ChIJ-9OaB36dBjsRlaENbL5P1ko,user_place_bipartite,place,ChIJ-9OaB36dBjsRlaENbL5P1ko,Surandai market,market,4.2,703.0
place::ChIJA771Nu19BjsRu-mZnMyN80c,user_place_bipartite,place,ChIJA771Nu19BjsRu-mZnMyN80c,Manalar Waterfalls(achankoil),tourist_attraction,4.4,658.0
place::ChIJ_9tz5U4qBDsRge10f2JIiNM,user_place_bipartite,place,ChIJ_9tz5U4qBDsRge10f2JIiNM,Boat House - Courtallam குற்றாலம் படகு குழாம்,tourist_attraction,4.0,588.0
place::ChIJKxkbwjYqBDsRm9JusPV_SjQ,user_place_bipartite,place,ChIJKxkbwjYqBDsRm9JusPV_SjQ,Chitraruvi,tourist_attraction,4.4,540.0
place::ChIJrZudDynWBTsRgmRjpkW8rxI,user_place_bipartite,place,ChIJrZudDynWBTsRgmRjpkW8rxI,Thenmala Dam Bridge,bridge,4.4,510.0
place::ChIJ8cPCGwr1BjsR4eqs0jIFZmY,user_place_bipartite,place,ChIJ8cPCGwr1BjsR4eqs0jIFZmY,Ranni Forest Division,nature_preserve,4.4,485.0
place::ChIJH0lvh7pfBDsR4JZ68aVoA5A,user_place_bipartite,place,ChIJH0lvh7pfBDsR4JZ68aVoA5A,Kuthara Paanjan Waterfalls,tourist_attraction,4.4,405.0
place::ChIJYYLr_vB_BjsRgDn7xtJVMDQ,user_place_bipartite,place,ChIJYYLr_vB_BjsRgDn7xtJVMDQ,Kottavasal View Point,tourist_attraction,4.4,388.0
place::ChIJGdrFgPSFBjsRhm_nL3wfsO8,user_place_bipartite,place,ChIJGdrFgPSFBjsRhm_nL3wfsO8,Kadayanallur Karuppanadhi Dam,tourist_attraction,4.4,372.0
place::ChIJ2TouncYpBDsRX7hAWeaci8A,user_place_bipartite,place,ChIJ2TouncYpBDsRX7hAWeaci8A,"St. Michael's Shrine, Tenkasi",church,4.5,354.0
place::ChIJu6_7thuBBjsRVg9YNd4l0is,user_place_bipartite,place,ChIJu6_7thuBBjsRVg9YNd4l0is,Panpoli Park,park,3.9,352.0
place::ChIJKav0Do8pBDsRONXe_wPVWg4,user_place_bipartite,place,ChIJKav0Do8pBDsRONXe_wPVWg4,Thirumalai Murugan Temple,hindu_temple,4.6,348.0
place::ChIJQ1jykPgqBDsRWh_K8EP8SzM,user_place_bipartite,place,ChIJQ1jykPgqBDsRWh_K8EP8SzM,Eco park courtallam,park,4.3,309.0
place::ChIJF1I-4B8uBDsRBisQ2NN5OiQ,user_place_bipartite,place,ChIJF1I-4B8uBDsRBisQ2NN5OiQ,Kadana Nathi Dam,lake,4.6,297.0
place::ChIJTQ51yEc5BDsRchgzbmWedQM,user_place_bipartite,place,ChIJTQ51yEc5BDsRchgzbmWedQM,Ambai Periyakovil Padithurai,hindu_temple,4.5,291.0
place::ChIJ308m0RKDBjsRZ0cQTKNjysU,user_place_bipartite,place,ChIJ308m0RKDBjsRZ0cQTKNjysU,Sunflower Garden,tourist_attraction,4.5,280.0
place::ChIJs9Dr4fU5BDsRqbyRIkbSoBk,user_place_bipartite,place,ChIJs9Dr4fU5BDsRqbyRIkbSoBk,Amma Park,park,4.2,280.0
place::ChIJ4ad1C085BDsR-sHSg1RYqGI,user_place_bipartite,place,ChIJ4ad1C085BDsR-sHSg1RYqGI,Sankaralinga samy padithurai,tourist_attraction,4.5,277.0
place::ChIJv4DWN_M7BDsRLxeax-9oHoE,user_place_bipartite,place,ChIJv4DWN_M7BDsRLxeax-9oHoE,Athiri Malai Temple,hindu_temple,4.6,276.0
place::ChIJPfdqvkIoBDsRULHUSqls3ZE,user_place_bipartite,place,ChIJPfdqvkIoBDsRULHUSqls3ZE,Kushi Water Park,water_park,3.3,248.0
place::ChIJzwJEEgjnBjsR0AN97RqwiyM,user_place_bipartite,place,ChIJzwJEEgjnBjsR0AN97RqwiyM,Katalagar waterfalls,tourist_attraction,4.5,228.0
place::ChIJ2eXb9TDWBTsRApB9tySLwcY,user_place_bipartite,place,ChIJ2eXb9TDWBTsRApB9tySLwcY,"Dam Boating Point, Thenmala,Kollam",tourist_attraction,4.4,222.0
place::ChIJYfpHd9CBBjsR0OVER0vPDzQ,user_place_bipartite,place,ChIJYfpHd9CBBjsR0OVER0vPDzQ,Muthusamy Park,park,3.9,221.0
place::ChIJDbOCbOEpBDsRGXzqHo5TGck,user_place_bipartite,place,ChIJDbOCbOEpBDsRGXzqHo5TGck,Ai4 Imaging and Indexing Private Limited,bridge,4.3,220.0
place::ChIJDQL5k-0rBDsRO0l-ghJ0xPI,user_place_bipartite,place,ChIJDQL5k-0rBDsRO0l-ghJ0xPI,Gundar Private Falls,tourist_attraction,4.4,217.0
place::ChIJpyjnUcgqBDsRqKglR-rR6ic,user_place_bipartite,place,ChIJpyjnUcgqBDsRqKglR-rR6ic,Kannupuli Mettu Falls,tourist_attraction,4.5,202.0
place::ChIJMQJVGvJDBDsRlDNht-TnmEc,user_place_bipartite,place,ChIJMQJVGvJDBDsRlDNht-TnmEc,Thenga urili falls,tourist_attraction,4.5,184.0
place::ChIJ____vx8uBDsRdy596_hZp7Y,user_place_bipartite,place,ChIJ____vx8uBDsRdy596_hZp7Y,Kadana Nathi Dam,tourist_attraction,4.7,178.0
place::ChIJ4ctFls0pBDsRULXiO18rTCc,user_place_bipartite,place,ChIJ4ctFls0pBDsRULXiO18rTCc,Kizhapuliyur sub post office,park,4.1,177.0
place::ChIJ695M_corBDsRnPDPpXIaNdY,user_place_bipartite,place,ChIJ695M_corBDsRnPDPpXIaNdY,Shenbaga Devi Waterfalls,tourist_attraction,4.5,168.0
place::ChIJJ329cx82BDsRg4-Ca4VCsmE,user_place_bipartite,place,ChIJJ329cx82BDsRg4-Ca4VCsmE,Paana Theertham water Falls,tourist_attraction,4.5,167.0
place::ChIJ9dVwpNXlBjsRYDGYo7XkJsE,user_place_bipartite,place,ChIJ9dVwpNXlBjsRYDGYo7XkJsE,Ayyanar Kovil Waterfalls,tourist_attraction,4.3,161.0
place::ChIJwW9191LmBjsRkZD5R5tjbhc,user_place_bipartite,place,ChIJwW9191LmBjsRkZD5R5tjbhc,Rakachi Amman kovil Water Falls,tourist_attraction,4.5,157.0
place::ChIJT0cJOkIvBDsRp3Dc1hZZjns,user_place_bipartite,place,ChIJT0cJOkIvBDsRp3Dc1hZZjns,Ramanadhi Dam,tourist_attraction,4.6,155.0
place::ChIJJ2IpcmrdBjsRiMBIP75mPrI,user_place_bipartite,place,ChIJJ2IpcmrdBjsRiMBIP75mPrI,Shenbaga Thoppu,tourist_attraction,4.5,154.0
place::ChIJXS_d0_rsBjsR625dSb4lWg4,user_place_bipartite,place,ChIJXS_d0_rsBjsR625dSb4lWg4,"Arulmigu Koodara Paarai Sri.Bala Subramania Swamy Malai Kovil, Sivagiri",hindu_temple,4.7,137.0
place::ChIJy8yX9TEjBDsRKrgdgJb00ro,user_place_bipartite,place,ChIJy8yX9TEjBDsRKrgdgJb00ro,Break Spot,cafe,4.4,122.0
place::ChIJWdA66vGHBjsRhYoqWoO-3X0,user_place_bipartite,place,ChIJWdA66vGHBjsRhYoqWoO-3X0,Mekkarai paddy field,tourist_attraction,4.8,120.0
place::ChIJAzU2LrmXBjsRtKAvjEwKyQM,user_place_bipartite,place,ChIJAzU2LrmXBjsRtKAvjEwKyQM,திருவள்ளுவர் பூங்கா Thiruvalluvar Park,park,4.1,117.0
place::ChIJWbtqLwArBDsRGyMHNLc54jA,user_place_bipartite,place,ChIJWbtqLwArBDsRGyMHNLc54jA,Main falls Arch,tourist_attraction,4.6,116.0
place::ChIJTx41qRWHBjsRhJ24CoYHETI,user_place_bipartite,place,ChIJTx41qRWHBjsRhJ24CoYHETI,Mekkarai,tourist_attraction,4.6,109.0
place::ChIJ72IPMsYpBDsRfKh1L8TI4cc,user_place_bipartite,place,ChIJ72IPMsYpBDsRfKh1L8TI4cc,Vaikalpaalam bridge,bridge,4.3,95.0
place::ChIJMRHgkG94BjsRt79b3yhE0qA,user_place_bipartite,place,ChIJMRHgkG94BjsRt79b3yhE0qA,Kallada Stream Ottakal,park,4.2,88.0
place::ChIJM0QzRSjWBTsRnN8-I46qXuE,user_place_bipartite,place,ChIJM0QzRSjWBTsRnN8-I46qXuE,Kallada Dam,tourist_attraction,4.4,87.0
place::ChIJB9v7CsUpBDsR9m63ZDC_Z0Q,user_place_bipartite,place,ChIJB9v7CsUpBDsR9m63ZDC_Z0Q,Vembadi Mosque,mosque,4.6,86.0
place::ChIJVaySRBQqBDsRTiMS9vg2e2E,user_place_bipartite,place,ChIJVaySRBQqBDsRTiMS9vg2e2E,"Courtallam Tourism ,குற்றாலம் சுற்றுலா",tourist_information_center,4.2,85.0
place::ChIJzenf9bgjBDsRKu4PTt-7chk,user_place_bipartite,place,ChIJzenf9bgjBDsRKu4PTt-7chk,"Sorimuthu Ayyanar kovil Alangulam,",hindu_temple,4.7,83.0
place::ChIJ0xaj02V5BjsRnOSAKrKLr0c,user_place_bipartite,place,ChIJ0xaj02V5BjsRnOSAKrKLr0c,Thenmala Eco Adventure Park,tourist_attraction,4.2,79.0
place::ChIJR_7XweMrBDsR-Deh8t3QKaE,user_place_bipartite,place,ChIJR_7XweMrBDsR-Deh8t3QKaE,NSP falls,tourist_attraction,4.4,75.0
place::ChIJRYY_rQGBBjsRFzW_3wD1zIc,user_place_bipartite,place,ChIJRYY_rQGBBjsRFzW_3wD1zIc,"Ammaiyar Ootru, Seevanallur",tourist_attraction,4.5,73.0
place::ChIJZ-zxuGY9BDsRrMy860z5NG8,user_place_bipartite,place,ChIJZ-zxuGY9BDsRrMy860z5NG8,Ariyanayagipuram check dam,tourist_attraction,4.5,72.0
place::ChIJK0NZsjHWBTsRmQc2zfFZbdw,user_place_bipartite,place,ChIJK0NZsjHWBTsRmQc2zfFZbdw,Thenmala Reservoir Boating Point,tourist_attraction,4.4,68.0
place::ChIJ8XZAdBorBDsRCFo9YHNralM,user_place_bipartite,place,ChIJ8XZAdBorBDsRCFo9YHNralM,LE FALLS,private_guest_room,4.7,65.0
place::ChIJ03S4wKcqBDsR8SJ8qShQuVA,user_place_bipartite,place,ChIJ03S4wKcqBDsR8SJ8qShQuVA,Mottai Dam,tourist_attraction,4.5,65.0
place::ChIJjU74dBhdBDsRI5lqEHTos7M,user_place_bipartite,place,ChIJjU74dBhdBDsRI5lqEHTos7M,Thirukurungudi Lake side,tourist_attraction,4.4,61.0
place::ChIJnzg1ZEyQBjsRGfXYSNapEy8,user_place_bipartite,place,ChIJnzg1ZEyQBjsRGfXYSNapEy8,Agasthiyar Temple,hindu_temple,4.6,60.0
place::ChIJ6595L7OPBjsRpsrMEvpp2oM,user_place_bipartite,place,ChIJ6595L7OPBjsRpsrMEvpp2oM,Munthal Falls,tourist_attraction,4.6,53.0
place::ChIJNTlP4oYvBDsRzFjXuufmSLA,user_place_bipartite,place,ChIJNTlP4oYvBDsRzFjXuufmSLA,Ramanathi River View Point,tourist_attraction,4.3,53.0
place::ChIJCW90tIC5BjsRvx0oTnleNA4,user_place_bipartite,place,ChIJCW90tIC5BjsRvx0oTnleNA4,Thiruvengadam taluk office,shopping_mall,3.3,53.0
place::ChIJxQpqzU5_BjsRqcYtZsnj2bA,user_place_bipartite,place,ChIJxQpqzU5_BjsRqcYtZsnj2bA,Bhagavathipuram water falls,tourist_attraction,4.5,48.0
place::ChIJr72NwE6DBjsRvST4d7NaI3s,user_place_bipartite,place,ChIJr72NwE6DBjsRvST4d7NaI3s,Tenkasi Municipal Park,park,3.9,48.0
place::ChIJ55TLRMQpBDsR2NtNHVFpAbA,user_place_bipartite,place,ChIJ55TLRMQpBDsR2NtNHVFpAbA,Ambi Paara,tourist_attraction,4.0,47.0
place::ChIJX6BjwiEnBDsRJ_cID8CZrMc,user_place_bipartite,place,ChIJX6BjwiEnBDsRJ_cID8CZrMc,Veerakeralampudur,hindu_temple,4.0,47.0
place::ChIJD43vCQCHBjsRweVMYff8XNw,user_place_bipartite,place,ChIJD43vCQCHBjsRweVMYff8XNw,Dam View Point,tourist_attraction,4.3,45.0
place::ChIJy2EmcOYpBDsReZOrnAi6nak,user_place_bipartite,place,ChIJy2EmcOYpBDsReZOrnAi6nak,Tenkasi Lake,lake,3.9,42.0
place::ChIJ_TQF9R4VBDsRrCuTbflWOow,user_place_bipartite,place,ChIJ_TQF9R4VBDsRrCuTbflWOow,Cheranmahadevi thamirabarani river bathing point,tourist_attraction,4.5,41.0
place::ChIJs5yD-vMjBDsRqDUAR4-_uAk,user_place_bipartite,place,ChIJs5yD-vMjBDsRqDUAR4-_uAk,Ramar Temple Arch,hindu_temple,4.3,41.0
place::ChIJl0XA89yNBjsRqIaoj43e2y0,user_place_bipartite,place,ChIJl0XA89yNBjsRqIaoj43e2y0,"Thalayanai thirutha parai falls, தலையணை திருத்தப்பாறை அருவி",tourist_attraction,4.7,40.0
place::ChIJgUzFlGGHBjsRhNQqli9BmKo,user_place_bipartite,place,ChIJgUzFlGGHBjsRhNQqli9BmKo,Mekkarai paddy field View Point,tourist_attraction,4.6,40.0
place::ChIJdxLncnIpBDsRVTR-LGvw5IE,user_place_bipartite,place,ChIJdxLncnIpBDsRVTR-LGvw5IE,Courtallam Tenkasi Road Taj Mahal taxi parking,tourist_attraction,4.5,39.0
place::ChIJdXZuOVN1BDsRo4MXhjggCPw,user_place_bipartite,place,ChIJdXZuOVN1BDsRo4MXhjggCPw,Tamirabarani River dam falls,tourist_attraction,4.6,38.0
place::ChIJl59G2XAvBDsRItkS__oPRJw,user_place_bipartite,place,ChIJl59G2XAvBDsRItkS__oPRJw,Yanai parai,tourist_attraction,4.1,34.0
place::ChIJnxEU5r8pBDsRUriXx2MH-XI,user_place_bipartite,place,ChIJnxEU5r8pBDsRUriXx2MH-XI,Arulmigu ooikaattu sudalai swamy kovil,hindu_temple,4.7,33.0
place::ChIJjfO2v0cjBDsRsKc-LKoWRkQ,user_place_bipartite,place,ChIJjfO2v0cjBDsRsKc-LKoWRkQ,Shri Sorimuthu Ayyanar Temple,hindu_temple,4.6,33.0
place::ChIJ681py5edBjsRbgFCDabz7qc,user_place_bipartite,place,ChIJ681py5edBjsRbgFCDabz7qc,Sunfield sambavar vadakarai,tourist_attraction,4.5,31.0
place::ChIJHbVehgk7BDsR90fxH8NyjdI,user_place_bipartite,place,ChIJHbVehgk7BDsR90fxH8NyjdI,"Vagaikulam Bird Sanctuary - Tenkasi, Tamilnadu",point_of_interest,4.5,30.0
place::ChIJNd6V4hQpBDsRdin5ED4v_gk,user_place_bipartite,place,ChIJNd6V4hQpBDsRdin5ED4v_gk,Falls,tourist_attraction,4.4,30.0
place::ChIJa2HAxYaBBjsRLEYXjUoKnoo,user_place_bipartite,place,ChIJa2HAxYaBBjsRLEYXjUoKnoo,PUDUR NEERTHEKAM,tourist_attraction,4.3,28.0
place::ChIJGbc6sSKdBjsRmvw5EigekSo,user_place_bipartite,place,ChIJGbc6sSKdBjsRmvw5EigekSo,Surandai Sri Pathirakaliamman Temple,hindu_temple,4.9,27.0
place::ChIJcfvrXkC5BjsRu3pY0p9dUgA,user_place_bipartite,place,ChIJcfvrXkC5BjsRu3pY0p9dUgA,Thiruvengadanathar Temple,hindu_temple,4.6,27.0
place::ChIJPYrLA3ydBjsR76Lqd0JtI1g,user_place_bipartite,place,ChIJPYrLA3ydBjsR76Lqd0JtI1g,Sri poddal Madasamy Kovil Temple,hindu_temple,4.6,27.0
place::ChIJ-a4Fh485BDsReE8HkiZ5qBg,user_place_bipartite,place,ChIJ-a4Fh485BDsReE8HkiZ5qBg,Manimuthar Dam Shutter,tourist_attraction,4.2,26.0
place::ChIJ1Wp9B0cjBDsRzwzPf4lYZYw,user_place_bipartite,place,ChIJ1Wp9B0cjBDsRzwzPf4lYZYw,ISCA INDRA GARDEN,garden,4.7,25.0
place::ChIJIdet46mHBjsR3PbLSmjxSUM,user_place_bipartite,place,ChIJIdet46mHBjsR3PbLSmjxSUM,Kadayanallur Stone River,national_park,4.6,24.0
place::ChIJWRNsgJU3BDsRSULsvBpnuQs,user_place_bipartite,place,ChIJWRNsgJU3BDsRSULsvBpnuQs,Thalaiyanai Bathing spot,tourist_attraction,4.5,24.0
place::ChIJQ96D1M8rBDsRqt6w84FGNmw,user_place_bipartite,place,ChIJQ96D1M8rBDsRqt6w84FGNmw,Gundar Public Falls,tourist_attraction,4.3,24.0
place::ChIJiXq8FNyDBjsR9EQydtqPwPU,user_place_bipartite,place,ChIJiXq8FNyDBjsR9EQydtqPwPU,Tenkasi - Kadayanallur Roundana,historical_landmark,4.8,21.0
place::ChIJI2hEcrL9BDsR5bM1IMY333I,user_place_bipartite,place,ChIJI2hEcrL9BDsR5bM1IMY333I,Big Rock,hiking_area,4.7,21.0
place::ChIJ4Uo7n3mdBjsRqe7VZR4A1po,user_place_bipartite,place,ChIJ4Uo7n3mdBjsRqe7VZR4A1po,ARULMIGU THIRUMALAIYANDAVAR KOVIL,hindu_temple,4.4,21.0
place::ChIJHfKoNpbtBjsRbySESoZ8Eqc,user_place_bipartite,place,ChIJHfKoNpbtBjsRbySESoZ8Eqc,Rock view point,tourist_attraction,4.2,21.0
place::ChIJUVFdlWidBjsR4jH_7xKQb4g,user_place_bipartite,place,ChIJUVFdlWidBjsR4jH_7xKQb4g,ஸ்ரீ வெற்றி பத்திரகாளி அம்மன் கோவில் & ஸ்ரீ வெற்றிவேல் ஐயனார் கோவில்,hindu_temple,4.8,20.0
place::ChIJSTeBrTmdBjsR7mRML4o9kNQ,user_place_bipartite,place,ChIJSTeBrTmdBjsR7mRML4o9kNQ,Tr. Agastheeswarar Temple Cave,hindu_temple,4.4,20.0
place::ChIJLadwo8YpBDsRT3xwA0_FTbw,user_place_bipartite,place,ChIJLadwo8YpBDsRT3xwA0_FTbw,Kulasekaranathar Temple,hindu_temple,4.7,19.0
place::ChIJn6PVEciBBjsRUaH9qRKGb0A,user_place_bipartite,place,ChIJn6PVEciBBjsRUaH9qRKGb0A,Ariharanathi falls,tourist_attraction,4.4,19.0
place::ChIJebL0AYyHBjsRTxHUtm8V2z8,user_place_bipartite,place,ChIJebL0AYyHBjsRTxHUtm8V2z8,Private Falls,tourist_attraction,4.3,19.0
place::ChIJERqhq22FBjsRaJiYVNaOPj0,user_place_bipartite,place,ChIJERqhq22FBjsRaJiYVNaOPj0,Kadayanallur Periya Aaru,tourist_attraction,4.1,19.0
place::ChIJcdBTWrKFBjsRfnEQkscgshs,user_place_bipartite,place,ChIJcdBTWrKFBjsRfnEQkscgshs,கடையநல்லூர் கல்லாறு,tourist_attraction,4.3,16.0
place::ChIJdz0NeZwpBDsRe-5ddjICWXg,user_place_bipartite,place,ChIJdz0NeZwpBDsRe-5ddjICWXg,Funland natural falls no cost,park,4.5,15.0
place::ChIJW6hgB1-DBjsRtONaTppN-qM,user_place_bipartite,place,ChIJW6hgB1-DBjsRtONaTppN-qM,achanputhurseemai,tourist_attraction,4.4,15.0
place::ChIJq6raASnWBTsRg6MRD__traA,user_place_bipartite,place,ChIJq6raASnWBTsRg6MRD__traA,Thenmala Dam Entrance,tourist_attraction,4.2,15.0
place::ChIJzToWHj8pBDsRNvVdi62xu1g,user_place_bipartite,place,ChIJzToWHj8pBDsRNvVdi62xu1g,"Anniyan parai lake, puliyur",tourist_attraction,4.3,14.0
place::ChIJCTzZZiEnBDsRSCbKYYHWVvA,user_place_bipartite,place,ChIJCTzZZiEnBDsRSCbKYYHWVvA,Arulmigu Uchinimahali Amman temple v k pudur,hindu_temple,4.3,13.0
place::ChIJWfsnAAArBDsRyb5q2KR_aoU,user_place_bipartite,place,ChIJWfsnAAArBDsRyb5q2KR_aoU,Gundaru dam Boating,park,4.9,11.0
place::ChIJ_RL3fwHtBjsRf-iL7es_CCw,user_place_bipartite,place,ChIJ_RL3fwHtBjsRf-iL7es_CCw,தேவர் சிலை,park,4.6,11.0
place::ChIJ4_gKm7MrBDsRKsWWQp_WprM,user_place_bipartite,place,ChIJ4_gKm7MrBDsRKsWWQp_WprM,TR FALLS,tourist_attraction,4.2,11.0
place::ChIJ9Ri3vj2dBjsRuUVf6SNP2fk,user_place_bipartite,place,ChIJ9Ri3vj2dBjsRuUVf6SNP2fk,Tenkasi,hindu_temple,4.8,9.0
place::ChIJLRKQ_zkpBDsR2Ss9Ye4itMg,user_place_bipartite,place,ChIJLRKQ_zkpBDsR2Ss9Ye4itMg,Chittraru Check dam,tourist_attraction,4.4,9.0
place::ChIJ96R4jXudBjsRECgwFvGqk5Q,user_place_bipartite,place,ChIJ96R4jXudBjsRECgwFvGqk5Q,Sri Mathalapandi Temple,hindu_temple,4.4,9.0
place::ChIJOUefPGkxBDsRLVNIHIf6eAw,user_place_bipartite,place,ChIJOUefPGkxBDsRLVNIHIf6eAw,Mini silver falls,tourist_attraction,4.0,9.0
place::ChIJEz0dFwcpBDsRFzBAfksFjRQ,user_place_bipartite,place,ChIJEz0dFwcpBDsRFzBAfksFjRQ,Prana Miyawaki 2.0 - Tenkasi,national_park,5.0,8.0
place::ChIJn2YR4tydBjsR76Ujn5xhak8,user_place_bipartite,place,ChIJn2YR4tydBjsR76Ujn5xhak8,Sri Saptha Kanni Amman Kovil,hindu_temple,5.0,7.0
place::ChIJp6hF5x4rBDsRl1Fk7DNCBUg,user_place_bipartite,place,ChIJp6hF5x4rBDsRl1Fk7DNCBUg,View Point,tourist_attraction,4.9,7.0
place::ChIJJ1pLSishBDsRmiEY-mLj60Y,user_place_bipartite,place,ChIJJ1pLSishBDsRmiEY-mLj60Y,Sivalingapuram DAM,tourist_attraction,3.8,6.0
place::ChIJqSs_jz4rBDsRsP1P89QtBvA,user_place_bipartite,place,ChIJqSs_jz4rBDsRsP1P89QtBvA,Mayiladumparai,nature_preserve,4.4,5.0
place::ChIJKat96ayHBjsRj2Bj6PVoPOQ,user_place_bipartite,place,ChIJKat96ayHBjsRj2Bj6PVoPOQ,Mekkarai Diamond falls,tourist_attraction,4.0,5.0
place::ChIJ2aTh0oMrBDsRv4cmIKqt01A,user_place_bipartite,place,ChIJ2aTh0oMrBDsRv4cmIKqt01A,Pazhathotta aruvi,water_park,4.8,4.0
place::ChIJX0tommqBBjsRdNtPn5ZGwbw,user_place_bipartite,place,ChIJX0tommqBBjsRdNtPn5ZGwbw,Anna Nagar Park,park,4.8,4.0
place::ChIJpYSiHEG5BjsR1ZNJlloOrvI,user_place_bipartite,place,ChIJpYSiHEG5BjsR1ZNJlloOrvI,Padikasu Vinayagar Temple,hindu_temple,5.0,3.0
place::ChIJ59WpP4UpBDsR5oYgTYmyhno,user_place_bipartite,place,ChIJ59WpP4UpBDsR5oYgTYmyhno,Temple,tourist_attraction,4.7,3.0
place::ChIJ36JWOwC5BjsRugbLvK0JrnA,user_place_bipartite,place,ChIJ36JWOwC5BjsRugbLvK0JrnA,Iraichan water fall,tourist_attraction,4.7,3.0
user::mukilan_s,user_place_bipartite,user,,MUKILAN S,,,
user::shotsby_senthil,user_place_bipartite,user,,shotsby_senthil,,,
user::mohammed_nayeem,user_place_bipartite,user,,Mohammed Nayeem,,,
user::pooshan_d,user_place_bipartite,user,,Pooshan d,,,
user::hassan_sowkath,user_place_bipartite,user,,Hassan Sowkath,,,
user::pooja_devi,user_place_bipartite,user,,Pooja Devi,,,
user::stella_sharon,user_place_bipartite,user,,STELLA SHARON,,,
user::saravanan_manohar,user_place_bipartite,user,,saravanan manohar,,,
user::beardless_tripy_venkateshprasath,user_place_bipartite,user,,#beardless_tripy venkateshprasath,,,
user::gowri_shankar,user_place_bipartite,user,,Gowri Shankar,,,
user::hari_trivedi,user_place_bipartite,user,,Hari Trivedi,,,
user::raghu_b,user_place_bipartite,user,,Raghu B,,,
user::ramesh_kumar,user_place_bipartite,user,,Ramesh Kumar,,,
user::athulya_vijayan,user_place_bipartite,user,,Athulya Vijayan,,,
user::raj_p,user_place_bipartite,user,,Raj P,,,
user::akhilesh_prajapati,user_place_bipartite,user,,Akhilesh Prajapati,,,
user::shibin_as,user_place_bipartite,user,,Shibin AS,,,
user::narayanamurthy_subramanian,user_place_bipartite,user,,Narayanamurthy Subramanian,,,
user::senthil_kumar_manickam,user_place_bipartite,user,,Senthil Kumar Manickam,,,
user::abhishek_anil,user_place_bipartite,user,,Abhishek Anil,,,
user::sesha_srinivasa_murthy_putrevu,user_place_bipartite,user,,SESHA SRINIVASA MURTHY PUTREVU,,,
user::subrata_b,user_place_bipartite,user,,Subrata B,,,
user::shravan_srinivasan,user_place_bipartite,user,,Shravan Srinivasan,,,
user::rijas_galleria,user_place_bipartite,user,,Rijas Galleria,,,
user::pratheesh_harish,user_place_bipartite,user,,Pratheesh Harish,,,
user::sarath_kumar_s,user_place_bipartite,user,,Sarath kumar S,,,
user::starlet_esther,user_place_bipartite,user,,Starlet Esther,,,
user::kannan_ramachandran,user_place_bipartite,user,,Kannan Ramachandran,,,
user::srivenkatbabu_sinnasami,user_place_bipartite,user,,srivenkatbabu sinnasami,,,
user::smruthi_vinayak_rengan,user_place_bipartite,user,,Smruthi Vinayak Rengan,,,
user::ramchandar_umasankar,user_place_bipartite,user,,Ramchandar Umasankar,,,
user::ganesh_m,user_place_bipartite,user,,Ganesh M,,,
user::g_t_g,user_place_bipartite,user,,G T G,,,
user::anu,user_place_bipartite,user,,Anu,,,
user::sathishkumar_balakrishnan,user_place_bipartite,user,,Sathishkumar Balakrishnan,,,
user::rahul_s,user_place_bipartite,user,,Rahul S,,,
user::chitra_murali,user_place_bipartite,user,,chitra Murali,,,
user::venkat,user_place_bipartite,user,,venkat,,,
user::snabak_vinod_aj,user_place_bipartite,user,,Snabak Vinod AJ,,,
user::gayathri_shri_kashyap,user_place_bipartite,user,,Gayathri shri Kashyap,,,
user::prem_kumar,user_place_bipartite,user,,Prem Kumar,,,
user::haston_kumar,user_place_bipartite,user,,haston kumar,,,
user::sajin_shereef,user_place_bipartite,user,,Sajin Shereef,,,
user::aravind_r_chandran,user_place_bipartite,user,,Aravind R Chandran,,,
user::blessy_babu,user_place_bipartite,user,,Blessy Babu,,,
user::greewin_mathew,user_place_bipartite,user,,Greewin Mathew,,,
user::joshith_jacob,user_place_bipartite,user,,Joshith Jacob,,,
user::devarshi_raj,user_place_bipartite,user,,Devarshi Raj,,,
user::dr_kartik_bhadra,user_place_bipartite,user,,Dr.Kartik Bhadra,,,
user::santhosh_sankaran,user_place_bipartite,user,,Santhosh Sankaran,,,
user::neelesh_panchal,user_place_bipartite,user,,Neelesh Panchal,,,
user::anupam_purbey,user_place_bipartite,user,,anupam purbey,,,
user::abid_suhail,user_place_bipartite,user,,Abid Suhail,,,
user::nari_soundarrajan,user_place_bipartite,user,,Nari Soundarrajan,,,
user::subhra_kar,user_place_bipartite,user,,Subhra Kar,,,
user::sethu_n,user_place_bipartite,user,,Sethu N,,,
user::naveen_ks,user_place_bipartite,user,,Naveen Ks,,,
user::aneesh_va,user_place_bipartite,user,,ANEESH VA,,,
user::sukesh_s,user_place_bipartite,user,,Sukesh S,,,
user::arjun_siva,user_place_bipartite,user,,arjun siva,,,
user::nitin,user_place_bipartite,user,,Nitin,,,
user::gayathri,user_place_bipartite,user,,Gayathri,,,
user::dr_p_j_george,user_place_bipartite,user,,Dr P J George,,,
user::prajjawal_sharma,user_place_bipartite,user,,Prajjawal Sharma,,,
user::govardhan_s,user_place_bipartite,user,,Govardhan S,,,
user::viswas_koundinyan_g,user_place_bipartite,user,,VISWAS KOUNDINYAN G,,,
user::sreekrishnan_a_s,user_place_bipartite,user,,Sreekrishnan A S,,,
user::seenivasan_ramasamy,user_place_bipartite,user,,seenivasan ramasamy,,,
user::journey_with_dds___vlog,user_place_bipartite,user,,Journey With DDS - Vlog,,,
user::thangavelu_arun_kumar,user_place_bipartite,user,,Thangavelu Arun kumar,,,
user::ganesan_t,user_place_bipartite,user,,Ganesan T,,,
user::travel_paithiyam,user_place_bipartite,user,,Travel Paithiyam,,,
user::kader_sulaiman,user_place_bipartite,user,,Kader Sulaiman,,,
user::aishu_v,user_place_bipartite,user,,aishu v,,,
user::sahil_m,user_place_bipartite,user,,Sahil M,,,
user::somnath_m,user_place_bipartite,user,,Somnath M,,,
user::nomadic_shutter,user_place_bipartite,user,,Nomadic_Shutter,,,
user::premz_view,user_place_bipartite,user,,Premz View,,,
user::shamini_kiruba,user_place_bipartite,user,,Shamini Kiruba,,,
user::praveen_gopalan,user_place_bipartite,user,,Praveen Gopalan,,,
user::lithisha,user_place_bipartite,user,,LITHISHA,,,
user::suresh_perumal,user_place_bipartite,user,,Suresh Perumal,,,
user::jeyaram_d,user_place_bipartite,user,,Jeyaram D,,,
user::jai_prakash_nain,user_place_bipartite,user,,Jai Prakash Nain,,,
user::krishnamurthy_i,user_place_bipartite,user,,krishnamurthy i,,,
user::prakash_photography_tvmalai,user_place_bipartite,user,,Prakash Photography TVmalai,,,
user::abhishek_yadav,user_place_bipartite,user,,Abhishek Yadav,,,
user::sathya_raghu,user_place_bipartite,user,,Sathya Raghu,,,
user::karthik_velmurugan,user_place_bipartite,user,,Karthik Velmurugan,,,
user::kaarthikeyan,user_place_bipartite,user,,Kaarthikeyan,,,
user::jose_wesley,user_place_bipartite,user,,Jose Wesley,,,
user::sabari_nathan,user_place_bipartite,user,,sabari nathan,,,
user::jenifer_julie,user_place_bipartite,user,,Jenifer Julie,,,
user::nazeer_hussain__ஒண_ட_ப_ல,user_place_bipartite,user,,Nazeer Hussain (ஒண்டிபுலி),,,
user::praise_by_andria_gracious,user_place_bipartite,user,,Praise by Andria Gracious,,,
user::surya_k,user_place_bipartite,user,,Surya K,,,
user::arunkumar_thangasamy,user_place_bipartite,user,,ARUNKUMAR THANGASAMY,,,
user::rakesh_s,user_place_bipartite,user,,Rakesh S,,,
user::046_venkatesh_m_k,user_place_bipartite,user,,046_venkatesh M K,,,
user::vinoth_kumar,user_place_bipartite,user,,Vinoth Kumar,,,
user::athul_jeev,user_place_bipartite,user,,Athul Jeev,,,
user::suresh_jesu,user_place_bipartite,user,,Suresh Jesu,,,
user::kathiravan_piramuthu,user_place_bipartite,user,,KATHIRAVAN PIRAMUTHU,,,
user::sakthi_prabhu,user_place_bipartite,user,,Sakthi Prabhu,,,
user::abdul_rahman,user_place_bipartite,user,,Abdul Rahman,,,
user::arunprasath_m,user_place_bipartite,user,,arunprasath m,,,
user::dr__ramamoorthy_ramu,user_place_bipartite,user,,Dr. Ramamoorthy Ramu,,,
user::anoop_kamal,user_place_bipartite,user,,Anoop kamal,,,
user::dark_wizard,user_place_bipartite,user,,Dark Wizard,,,
user::anfas_salim,user_place_bipartite,user,,Anfas Salim,,,
user::sree_kumar_a,user_place_bipartite,user,,SREE KUMAR A,,,
user::arjuka,user_place_bipartite,user,,ArJuKa,,,
user::shibu_shibs,user_place_bipartite,user,,Shibu shibs,,,
user::anilkumar_mk,user_place_bipartite,user,,Anilkumar Mk,,,
user::adv__a_v_avijith,user_place_bipartite,user,,Adv. A V AVIJITH,,,
user::shibin_s_s,user_place_bipartite,user,,Shibin S S,,,
user::abdul_ajeeze,user_place_bipartite,user,,abdul ajeeze,,,
user::world_of_mathematics,user_place_bipartite,user,,World Of Mathematics,,,
user::saravanan_v,user_place_bipartite,user,,Saravanan V,,,
user::kasi_rajan,user_place_bipartite,user,,Kasi Rajan,,,
user::maragatham_j,user_place_bipartite,user,,Maragatham J,,,
user::nithish_narayanan,user_place_bipartite,user,,Nithish Narayanan,,,
user::aswin_maxwrist,user_place_bipartite,user,,Aswin Maxwrist,,,
user::govind_k,user_place_bipartite,user,,GOVIND K,,,
user::beryl_rose,user_place_bipartite,user,,Beryl Rose,,,
user::sivashankar_r,user_place_bipartite,user,,Sivashankar R,,,
user::divya_krishnan,user_place_bipartite,user,,Divya Krishnan,,,
user::david_viniston,user_place_bipartite,user,,David Viniston,,,
user::ramesh_sundarrajan,user_place_bipartite,user,,Ramesh Sundarrajan,,,
user::prakash_kumar,user_place_bipartite,user,,Prakash Kumar,,,
user::senthil_kumar,user_place_bipartite,user,,Senthil kumar,,,
user::shyam_sundar,user_place_bipartite,user,,shyam sundar,,,
user::yuva_ranjitha,user_place_bipartite,user,,Yuva Ranjitha,,,
user::kumaresan_lakshmanan,user_place_bipartite,user,,Kumaresan Lakshmanan,,,
user::ச_ர_ந_தர__க_ம_ர,user_place_bipartite,user,,சுரேந்தர் குமார்,,,
user::writer_and_traveller,user_place_bipartite,user,,Writer and Traveller,,,
user::dinesh_e,user_place_bipartite,user,,Dinesh E,,,
user::selva_selva,user_place_bipartite,user,,Selva Selva,,,
user::josh_11,user_place_bipartite,user,,Josh 11,,,
user::sreenath,user_place_bipartite,user,,SREENATH,,,
user::cradby_cruizer,user_place_bipartite,user,,Cradby Cruizer,,,
user::adarsh_a,user_place_bipartite,user,,Adarsh A,,,
user::adarsh_p_deep,user_place_bipartite,user,,Adarsh P Deep,,,
user::karthick,user_place_bipartite,user,,Karthick,,,
user::bharani_t,user_place_bipartite,user,,Bharani T,,,
user::abhishek_vijayan,user_place_bipartite,user,,abhishek vijayan,,,
user::praveen_kumar_raja,user_place_bipartite,user,,praveen kumar Raja,,,
user::prakash_ntk,user_place_bipartite,user,,Prakash Ntk,,,
user::sajin_murali,user_place_bipartite,user,,Sajin Murali,,,
user::deepak_s,user_place_bipartite,user,,Deepak S,,,
user::mohammad_muneeb,user_place_bipartite,user,,Mohammad Muneeb,,,
user::nidhin_kumar,user_place_bipartite,user,,NIDHIN KUMAR,,,
user::vishnupriya_v,user_place_bipartite,user,,Vishnupriya V,,,
user::george_arunsowriraj,user_place_bipartite,user,,George Arunsowriraj,,,
user::mohammed_saabiq,user_place_bipartite,user,,Mohammed Saabiq,,,
user::sathya_sachinism,user_place_bipartite,user,,sathya sachinism,,,
user::velayutham_raja,user_place_bipartite,user,,Velayutham Raja,,,
user::insane_alastor,user_place_bipartite,user,,Insane_Alastor,,,
user::manjunatha_balakrishna,user_place_bipartite,user,,Manjunatha Balakrishna,,,
user::vishnu_kala,user_place_bipartite,user,,Vishnu Kala,,,
user::azhar_muhammed,user_place_bipartite,user,,Azhar Muhammed,,,
user::vigneshwaran_santharam,user_place_bipartite,user,,Vigneshwaran Santharam,,,
user::balaji_gunasekaran,user_place_bipartite,user,,Balaji Gunasekaran,,,
user::raja,user_place_bipartite,user,,RAJA,,,
user::subash,user_place_bipartite,user,,Subash,,,
user::selvin_navaraj,user_place_bipartite,user,,Selvin Navaraj,,,
user::venkatraman_srinivasan,user_place_bipartite,user,,Venkatraman Srinivasan,,,
user::wow_farm_house,user_place_bipartite,user,,Wow Farm House,,,
user::bala,user_place_bipartite,user,,Bala,,,
user::anandtvl,user_place_bipartite,user,,anandtvl,,,
user::joice_thinakaran,user_place_bipartite,user,,Joice Thinakaran,,,
user::nirmalkumar_r,user_place_bipartite,user,,Nirmalkumar R,,,
user::rahul_vs,user_place_bipartite,user,,Rahul Vs,,,
user::vighnesh_syam,user_place_bipartite,user,,Vighnesh Syam,,,
user::sabari_nath_harshan_nair,user_place_bipartite,user,,Sabari Nath Harshan Nair,,,
user::r_a_h_u_l_k_u_m_a_r,user_place_bipartite,user,,R A H U L K U M A R,,,
user::divya_premsankar,user_place_bipartite,user,,Divya Premsankar,,,
user::pranav_mohan_das,user_place_bipartite,user,,Pranav Mohan Das,,,
user::shaiju_nazeer,user_place_bipartite,user,,Shaiju Nazeer,,,
user::vijith_uzhamalakkal,user_place_bipartite,user,,Vijith Uzhamalakkal,,,
user::navin_natarajan,user_place_bipartite,user,,Navin Natarajan,,,
user::muhammed_shah,user_place_bipartite,user,,Muhammed Shah,,,
user::sheela_v,user_place_bipartite,user,,Sheela V,,,
user::vijaya_ks,user_place_bipartite,user,,Vijaya KS,,,
user::senthil_murugan,user_place_bipartite,user,,Senthil Murugan,,,
user::sorna_r_shankar,user_place_bipartite,user,,Sorna R Shankar,,,
user::adaikal,user_place_bipartite,user,,Adaikal,,,
user::sreehari_v_bhoopesh,user_place_bipartite,user,,Sreehari v bhoopesh,,,
user::prasanth_t_yadav,user_place_bipartite,user,,Prasanth T Yadav,,,
user::sarath_sasi,user_place_bipartite,user,,Sarath Sasi,,,
user::unnikrishnan,user_place_bipartite,user,,Unnikrishnan,,,
user::abhimanyu_k_r,user_place_bipartite,user,,Abhimanyu K R,,,
user::kesavan_aswin,user_place_bipartite,user,,Kesavan Aswin,,,
user::biju_r,user_place_bipartite,user,,BIJU R,,,
user::legendsonly__shop,user_place_bipartite,user,,LegendsOnly. shop,,,
user::venkatesh_yadhav,user_place_bipartite,user,,venkatesh Yadhav,,,
user::santhosh_kumar,user_place_bipartite,user,,Santhosh Kumar,,,
user::mohammed_masood,user_place_bipartite,user,,Mohammed Masood,,,
user::jay_ruonoht,user_place_bipartite,user,,Jay Ruonoht,,,
user::adwaith_krishna,user_place_bipartite,user,,Adwaith Krishna,,,
user::meshal_joseph,user_place_bipartite,user,,Meshal Joseph,,,
user::rohith_menon,user_place_bipartite,user,,ROHITH MENON,,,
user::ansaf_muhammed,user_place_bipartite,user,,Ansaf Muhammed,,,
user::ponsheela_m,user_place_bipartite,user,,Ponsheela M,,,
user::amirthaprakash_c,user_place_bipartite,user,,Amirthaprakash C,,,
user::anto_navis__techguy,user_place_bipartite,user,,Anto Navis (Techguy),,,
user::mohammed_yasin,user_place_bipartite,user,,Mohammed Yasin,,,
user::mahalingam_a,user_place_bipartite,user,,Mahalingam A,,,
user::mohammed_haris_rahuman_adam,user_place_bipartite,user,,Mohammed Haris Rahuman Adam,,,
user::sankara_narayanan,user_place_bipartite,user,,Sankara Narayanan,,,
user::wahshi,user_place_bipartite,user,,Wahshi,,,
user::kpmmnr,user_place_bipartite,user,,Kpmmnr,,,
user::anoop_g,user_place_bipartite,user,,Anoop G,,,
user::r_sreeram,user_place_bipartite,user,,R Sreeram,,,
user::xavier,user_place_bipartite,user,,Xavier,,,
user::ja,user_place_bipartite,user,,JA,,,
user::abey_johnsen,user_place_bipartite,user,,Abey Johnsen,,,
user::parvathy_r,user_place_bipartite,user,,Parvathy R,,,
user::sreehari_s,user_place_bipartite,user,,Sreehari S,,,
user::sajikumar_js,user_place_bipartite,user,,Sajikumar JS,,,
user::siju_mohan,user_place_bipartite,user,,siju mohan,,,
user::jonathan_jackson,user_place_bipartite,user,,Jonathan Jackson,,,
user::ramaa_s,user_place_bipartite,user,,Ramaa S,,,
user::hari_sundar,user_place_bipartite,user,,hari sundar,,,
user::nlogicx,user_place_bipartite,user,,Nlogicx,,,
user::shankar_mahadevan,user_place_bipartite,user,,Shankar Mahadevan,,,
user::r_venkatesan,user_place_bipartite,user,,R Venkatesan,,,
user::satheesh_kumar,user_place_bipartite,user,,Satheesh kumar,,,
user::siva_chidambaram,user_place_bipartite,user,,Siva Chidambaram,,,
user::amol_mande,user_place_bipartite,user,,Amol Mande,,,
user::sudhakar_godwin,user_place_bipartite,user,,Sudhakar Godwin,,,
user::t_srivarshan,user_place_bipartite,user,,T.SRIVARSHAN,,,
user::s_p_rajasingh,user_place_bipartite,user,,S P Rajasingh,,,
user::yasar_ismail__yasar_kmr,user_place_bipartite,user,,yasar ismail (Yasar kmr),,,
user::irsath_bismi,user_place_bipartite,user,,IRSATH BISMI,,,
user::nandhu,user_place_bipartite,user,,Nandhu,,,
user::muthu_kumaran,user_place_bipartite,user,,Muthu Kumaran,,,
user::sandhu_santhakumar,user_place_bipartite,user,,Sandhu Santhakumar,,,
user::santhavel_natarajan,user_place_bipartite,user,,santhavel natarajan,,,
user::rishwanth_karthikeyan,user_place_bipartite,user,,RISHWANTH KARTHIKEYAN,,,
user::udayan_sivaraman,user_place_bipartite,user,,Udayan Sivaraman,,,
user::piramanayagam_chellappa,user_place_bipartite,user,,PIRAMANAYAGAM CHELLAPPA,,,
user::vimal_prashanth_molli,user_place_bipartite,user,,Vimal Prashanth Molli,,,
user::abu_siddique,user_place_bipartite,user,,Abu Siddique,,,
user::dinesh,user_place_bipartite,user,,Dinesh,,,
user::balaraman_ramachandran,user_place_bipartite,user,,Balaraman Ramachandran,,,
user::sha_nawas,user_place_bipartite,user,,Sha Nawas,,,
user::lambert_rizario,user_place_bipartite,user,,Lambert Rizario,,,
user::nathan_p,user_place_bipartite,user,,Nathan P,,,
user::rajesh_kanna,user_place_bipartite,user,,Rajesh Kanna,,,
user::prabaharan_p,user_place_bipartite,user,,Prabaharan P,,,
user::jenil_karthick,user_place_bipartite,user,,jenil karthick,,,
user::anantha_perumal,user_place_bipartite,user,,ANANTHA PERUMAL,,,
user::hari_pranav,user_place_bipartite,user,,Hari Pranav,,,
user::saravanan_m,user_place_bipartite,user,,SARAVANAN M,,,
user::bugra_alkan,user_place_bipartite,user,,Bugra Alkan,,,
user::vimal_kumar,user_place_bipartite,user,,Vimal Kumar,,,
user::siva_bala,user_place_bipartite,user,,Siva Bala,,,
user::ashwin_ashwin,user_place_bipartite,user,,Ashwin Ashwin,,,
user::vinayak_r_nair,user_place_bipartite,user,,Vinayak R Nair,,,
user::yeshwanth_yeshu,user_place_bipartite,user,,Yeshwanth Yeshu,,,
user::rittu_varghese,user_place_bipartite,user,,Rittu Varghese,,,
user::ratheesh_kannan,user_place_bipartite,user,,Ratheesh Kannan,,,
user::mani_kandan,user_place_bipartite,user,,Mani Kandan,,,
user::ramesh_sekar,user_place_bipartite,user,,Ramesh Sekar,,,
user::solo_traveller,user_place_bipartite,user,,Solo Traveller,,,
user::akhil_raj,user_place_bipartite,user,,Akhil Raj,,,
user::muhassin_ps,user_place_bipartite,user,,Muhassin Ps,,,
user::nithin_sasikumar,user_place_bipartite,user,,Nithin Sasikumar,,,
user::xavier_augustine,user_place_bipartite,user,,Xavier Augustine,,,
user::amjad_v_k,user_place_bipartite,user,,Amjad V K,,,
user::sai_pranav,user_place_bipartite,user,,Sai Pranav,,,
user::sudhir_kumar,user_place_bipartite,user,,Sudhir Kumar,,,
user::padmaraj_lekshminarayanan,user_place_bipartite,user,,Padmaraj Lekshminarayanan,,,
user::r_visveswaran,user_place_bipartite,user,,R Visveswaran,,,
user::goutham_dan,user_place_bipartite,user,,Goutham Dan,,,
user::prakash_raj,user_place_bipartite,user,,Prakash RAJ,,,
user::aravind_kumar,user_place_bipartite,user,,Aravind Kumar,,,
user::v_s,user_place_bipartite,user,,V's,,,
user::kayalvizhi_g,user_place_bipartite,user,,Kayalvizhi G,,,
user::rajalakshmi_ramakrishnan,user_place_bipartite,user,,Rajalakshmi Ramakrishnan,,,
user::hs,user_place_bipartite,user,,HS,,,
user::bharathi_k,user_place_bipartite,user,,Bharathi k,,,
user::nandhini_venkatesan,user_place_bipartite,user,,Nandhini Venkatesan,,,
user::richard,user_place_bipartite,user,,Richard,,,
user::sanju_j_suresh,user_place_bipartite,user,,Sanju J Suresh,,,
user::nagalakshmi_r,user_place_bipartite,user,,Nagalakshmi R,,,
user::sathiya_selvam_t,user_place_bipartite,user,,sathiya selvam T,,,
user::syed_sha_hussain,user_place_bipartite,user,,Syed Sha Hussain,,,
user::abe_alex,user_place_bipartite,user,,Abe Alex,,,
user::christian_brother,user_place_bipartite,user,,Christian Brother,,,
user::pooja_r,user_place_bipartite,user,,Pooja.R,,,
user::sel_vam,user_place_bipartite,user,,sel vam,,,
user::karthick_sudarsan,user_place_bipartite,user,,Karthick Sudarsan,,,
user::shuaib_sherafudheen,user_place_bipartite,user,,Shuaib Sherafudheen,,,
user::aravind_ranganathan,user_place_bipartite,user,,Aravind Ranganathan,,,
user::tamil_trek_travel,user_place_bipartite,user,,Tamil Trek Travel,,,
user::vijayakumar_periyasamy,user_place_bipartite,user,,Vijayakumar Periyasamy,,,
user::thrilokbabu_darisa,user_place_bipartite,user,,thrilokbabu darisa,,,
user::anton_antony,user_place_bipartite,user,,Anton Antony,,,
user::sylvia_anita,user_place_bipartite,user,,SYLVIA ANITA,,,
user::muthukrishnan_shenbagam,user_place_bipartite,user,,Muthukrishnan Shenbagam,,,
user::jesu_kumar,user_place_bipartite,user,,Jesu Kumar,,,
user::shyam_anton,user_place_bipartite,user,,shyam anton,,,
user::derrick_f,user_place_bipartite,user,,Derrick F,,,
user::karthick_baskaran,user_place_bipartite,user,,KARTHICK BASKARAN,,,
user::vinoth_sk,user_place_bipartite,user,,Vinoth Sk,,,
user::vijay_r,user_place_bipartite,user,,Vijay R,,,
user::pradeep_b_a,user_place_bipartite,user,,Pradeep B A,,,
user::aby_mathew_rajan,user_place_bipartite,user,,Aby Mathew Rajan,,,
user::aneesh_antony,user_place_bipartite,user,,Aneesh Antony,,,
user::sanoop_suresh,user_place_bipartite,user,,Sanoop Suresh,,,
user::anantha_krishnan_s_s,user_place_bipartite,user,,Anantha krishnan s s,,,
user::akhil_thomas,user_place_bipartite,user,,Akhil Thomas,,,
user::jamal_jaffer,user_place_bipartite,user,,Jamal Jaffer,,,
user::santhoshkumar,user_place_bipartite,user,,Santhoshkumar,,,
user::shakti_acharya,user_place_bipartite,user,,SHAKTI ACHARYA,,,
user::chennaivaasi,user_place_bipartite,user,,Chennaivaasi,,,
user::j_johnson,user_place_bipartite,user,,J Johnson,,,
user::raja_rs,user_place_bipartite,user,,Raja Rs,,,
user::vijay_m,user_place_bipartite,user,,VIJAY M,,,
user::rengaraj_rengasamy,user_place_bipartite,user,,Rengaraj Rengasamy,,,
user::deepika_deeps,user_place_bipartite,user,,Deepika deeps,,,
user::rajavel_r,user_place_bipartite,user,,Rajavel R,,,
user::dineshwar_nithyanantham,user_place_bipartite,user,,Dineshwar Nithyanantham,,,
user::saravana_kumar,user_place_bipartite,user,,Saravana Kumar,,,
user::gauthaman_ar,user_place_bipartite,user,,Gauthaman AR,,,
user::srividhya_rajesh,user_place_bipartite,user,,Srividhya Rajesh,,,
user::sailesh_babu,user_place_bipartite,user,,Sailesh Babu,,,
user::shriram,user_place_bipartite,user,,Shriram,,,
user::sethu_m,user_place_bipartite,user,,Sethu M,,,
user::ramakrishnan_v,user_place_bipartite,user,,Ramakrishnan V,,,
user::nadarajan_muthukumarasamy,user_place_bipartite,user,,Nadarajan Muthukumarasamy,,,
user::kareem_kani,user_place_bipartite,user,,Kareem Kani,,,
user::sabari_ram,user_place_bipartite,user,,Sabari Ram,,,
user::shamsudeen_makthum,user_place_bipartite,user,,Shamsudeen Makthum,,,
user::sudar_pillai,user_place_bipartite,user,,sudar pillai,,,
user::vimal_m,user_place_bipartite,user,,Vimal M,,,
user::mani_kandan_s,user_place_bipartite,user,,Mani kandan S,,,
user::esakki_raj,user_place_bipartite,user,,Esakki Raj,,,
user::sakthivel_p,user_place_bipartite,user,,Sakthivel P,,,
user::aravind_r,user_place_bipartite,user,,Aravind R,,,
user::jophin,user_place_bipartite,user,,Jophin,,,
user::deepa_rahul_easwar,user_place_bipartite,user,,Deepa Rahul Easwar,,,
user::suganya_nishanth,user_place_bipartite,user,,Suganya Nishanth,,,
user::abhishek,user_place_bipartite,user,,Abhishek,,,
user::anish_sudhakaran,user_place_bipartite,user,,Anish Sudhakaran,,,
user::jaison_thomas,user_place_bipartite,user,,Jaison Thomas,,,
user::prathiush_p,user_place_bipartite,user,,PRATHIUSH P,,,
user::s_natarajan,user_place_bipartite,user,,S NATARAJAN,,,
user::nabeel_ahmed,user_place_bipartite,user,,Nabeel Ahmed,,,
user::dr__raguram_urologist,user_place_bipartite,user,,Dr. Raguram Urologist,,,
user::marudhu_subash,user_place_bipartite,user,,Marudhu Subash,,,
user::isakki_muthu,user_place_bipartite,user,,Isakki Muthu,,,
user::sivaguru_jeyakkumar,user_place_bipartite,user,,Sivaguru Jeyakkumar,,,
user::ashwath_shiva,user_place_bipartite,user,,Ashwath shiva,,,
user::senthil_arumugam,user_place_bipartite,user,,Senthil Arumugam,,,
user::mahadevan_vicky,user_place_bipartite,user,,mahadevan vicky,,,
user::shajan_mano,user_place_bipartite,user,,shajan mano,,,
user::sabharinath_sureshkumar,user_place_bipartite,user,,Sabharinath Sureshkumar,,,
user::t_s_king001_king,user_place_bipartite,user,,t.s.king001 king,,,
user::sriram_ramakrishnan,user_place_bipartite,user,,Sriram Ramakrishnan,,,
user::hari_thalapathy,user_place_bipartite,user,,Hari Thalapathy,,,
user::bharath_r,user_place_bipartite,user,,BHARATH R,,,
user::jishnu_j,user_place_bipartite,user,,Jishnu J,,,
user::vishwalingam_m_s,user_place_bipartite,user,,VISHWALINGAM M S,,,
user::vignesh_kumar,user_place_bipartite,user,,Vignesh Kumar,,,
user::balaram_das,user_place_bipartite,user,,BALARAM DAS,,,
user::infant_uva,user_place_bipartite,user,,INFANT UVA,,,
user::manueeé,user_place_bipartite,user,,Manueeé,,,
user::nidhin_d,user_place_bipartite,user,,Nidhin D,,,
user::velayudhan_vijayan,user_place_bipartite,user,,Velayudhan Vijayan,,,
user::sagar_sadanandan,user_place_bipartite,user,,Sagar sadanandan,,,
user::kailash_kattalay,user_place_bipartite,user,,Kailash Kattalay,,,
user::vignesh_m_k_v_family,user_place_bipartite,user,,vignesh m.k.v family,,,
user::tamil_selvan,user_place_bipartite,user,,Tamil Selvan,,,
user::rgr_raj_thiyagarajan,user_place_bipartite,user,,RGR Raj Thiyagarajan,,,
user::haribaskar_k,user_place_bipartite,user,,HARIBASKAR K,,,
user::senthil_vel,user_place_bipartite,user,,Senthil Vel,,,
user::thiruramalingam_s,user_place_bipartite,user,,Thiruramalingam S,,,
user::shiva,user_place_bipartite,user,,Shiva,,,
user::veera_pandian,user_place_bipartite,user,,veera pandian,,,
user::abdul_hameed,user_place_bipartite,user,,Abdul hameed,,,
user::madhuravani_b,user_place_bipartite,user,,Madhuravani B,,,
user::abraham_rahul,user_place_bipartite,user,,Abraham Rahul,,,
user::dr_dileep_m_k,user_place_bipartite,user,,Dr.Dileep M K,,,
user::navaneetha_krishnan_v,user_place_bipartite,user,,Navaneetha Krishnan V,,,
user::alagu_selvam_s,user_place_bipartite,user,,Alagu selvam s,,,
user::christy_sam,user_place_bipartite,user,,christy sam,,,
user::day_dreamer_s,user_place_bipartite,user,,DAY DREAMER'S,,,
user::ப_ரக_ஷ__மண__prakash_mani,user_place_bipartite,user,,பிரகாஷ் மணி Prakash mani,,,
user::imran_khan,user_place_bipartite,user,,Imran Khan,,,
user::shunmuganathan_t,user_place_bipartite,user,,Shunmuganathan T,,,
user::kalyana_sundaram,user_place_bipartite,user,,kalyana sundaram,,,
user::ajay_raj,user_place_bipartite,user,,Ajay Raj,,,
user::nishanth_kb,user_place_bipartite,user,,Nishanth KB,,,
user::maheshs,user_place_bipartite,user,,maheshs,,,
user::hareesh_r,user_place_bipartite,user,,Hareesh R,,,
user::abdul_kader,user_place_bipartite,user,,Abdul Kader,,,
user::syed_mohammed_hussain,user_place_bipartite,user,,Syed Mohammed Hussain,,,
user::kamaludeen_kamal,user_place_bipartite,user,,Kamaludeen Kamal,,,
user::compass_clock,user_place_bipartite,user,,Compass Clock,,,
user::sulaiman_syed,user_place_bipartite,user,,Sulaiman syed,,,
user::b1no,user_place_bipartite,user,,B1no__,,,
user::poulose_ke,user_place_bipartite,user,,poulose ke,,,
user::شيخ_صفا_سابينا,user_place_bipartite,user,,شيخ صفا سابينا,,,
user::shameer_m_basheer,user_place_bipartite,user,,Shameer M Basheer,,,
user::arumugam_k,user_place_bipartite,user,,Arumugam K,,,
user::nice_johny,user_place_bipartite,user,,Nice Johny,,,
user::hari_krishnan_r_k,user_place_bipartite,user,,Hari Krishnan R K,,,
user::abishek_arumugam,user_place_bipartite,user,,Abishek Arumugam,,,
user::ajc,user_place_bipartite,user,,AJC,,,
user::sree_nath,user_place_bipartite,user,,sree nath,,,
user::roby_soni,user_place_bipartite,user,,Roby Soni,,,
user::saroj,user_place_bipartite,user,,Saroj,,,
user::bearded_traveller,user_place_bipartite,user,,Bearded traveller,,,
user::sathish_maravan,user_place_bipartite,user,,sathish maravan,,,
user::mulshankar_shiv,user_place_bipartite,user,,Mulshankar Shiv,,,
user::suresh_kannan,user_place_bipartite,user,,Suresh Kannan,,,
user::rajesh___a_genuine_jaunts,user_place_bipartite,user,,Rajesh - A genuine jaunts!,,,
user::kanagaraj_a,user_place_bipartite,user,,Kanagaraj A,,,
user::sundari_pashupati,user_place_bipartite,user,,Sundari Pashupati,,,
user::ilakiyaa_thangam,user_place_bipartite,user,,Ilakiyaa Thangam,,,
user::bass_bk_carving,user_place_bipartite,user,,Bass Bk Carving,,,
user::surya_pravin,user_place_bipartite,user,,Surya Pravin,,,
user::sriram_saran__picturescollections,user_place_bipartite,user,,sriram saran (picturescollections),,,
user::monstermani,user_place_bipartite,user,,Monstermani,,,
user::shanthanam_mari,user_place_bipartite,user,,Shanthanam Mari,,,
user::tanishq_vasanth,user_place_bipartite,user,,Tanishq Vasanth,,,
user::xyz_abc,user_place_bipartite,user,,XYZ ABC,,,
user::kishore_kumar,user_place_bipartite,user,,Kishore Kumar,,,
user::shanmuga_vel,user_place_bipartite,user,,Shanmuga vel,,,
user::mari_mariappan,user_place_bipartite,user,,mari mariappan,,,
user::salamon_raja,user_place_bipartite,user,,Salamon Raja,,,
user::muthu_kumar,user_place_bipartite,user,,Muthu kumar,,,
user::haji_home_colletion,user_place_bipartite,user,,HAJI HOME COLLETION,,,
user::natarajan_raman,user_place_bipartite,user,,Natarajan Raman,,,
user::baskaran_lakshmanan,user_place_bipartite,user,,baskaran lakshmanan,,,
user::aswin,user_place_bipartite,user,,Aswin,,,
user::rahul_hari,user_place_bipartite,user,,RAHUL HARI,,,
user::raji_ramya,user_place_bipartite,user,,raji ramya,,,
user::akhil_das,user_place_bipartite,user,,Akhil Das,,,
user::kilakarai_foodie_javitheats,user_place_bipartite,user,,Kilakarai Foodie Javitheats,,,
user::arun_unni,user_place_bipartite,user,,arun unni,,,
user::ramanan,user_place_bipartite,user,,Ramanan,,,
user::kathiresan_murugan,user_place_bipartite,user,,KATHIRESAN MURUGAN,,,
user::a_v_bhaskar,user_place_bipartite,user,,A.V Bhaskar,,,
user::inba_ganesh,user_place_bipartite,user,,inba ganesh,,,
user::purushothaman_nandagopalan,user_place_bipartite,user,,Purushothaman Nandagopalan,,,
user::sivanesan_siva,user_place_bipartite,user,,Sivanesan Siva,,,
user::arun_suresh_n,user_place_bipartite,user,,Arun suresh N,,,
user::thirumalai_ramanujam,user_place_bipartite,user,,Thirumalai Ramanujam,,,
user::iyyappan_h,user_place_bipartite,user,,IYYAPPAN.H.,,,
user::rajaessaky,user_place_bipartite,user,,RAJAESSAKY,,,
user::mass_vijay,user_place_bipartite,user,,Mass Vijay,,,
user::shamngasundaram,user_place_bipartite,user,,Shamngasundaram,,,
user::vj_saba,user_place_bipartite,user,,vj saba,,,
user::santhana_pandi,user_place_bipartite,user,,Santhana pandi,,,
user::joseph_john_thoppil,user_place_bipartite,user,,Joseph John Thoppil,,,
user::sinu_mamachen,user_place_bipartite,user,,Sinu Mamachen,,,
user::arun_rajan,user_place_bipartite,user,,Arun Rajan,,,
user::shimnith_m,user_place_bipartite,user,,Shimnith M,,,
user::raja_lakshmi,user_place_bipartite,user,,Raja Lakshmi,,,
user::muthukrishnan_dawson,user_place_bipartite,user,,Muthukrishnan Dawson,,,
user::v_s__keerthana,user_place_bipartite,user,,V.S. Keerthana,,,
user::sankaralingam_v,user_place_bipartite,user,,sankaralingam v,,,
user::rama_chandran,user_place_bipartite,user,,Rama chandran,,,
user::karthikeyan_sundararaj,user_place_bipartite,user,,Karthikeyan Sundararaj,,,
user::venkatesh_a,user_place_bipartite,user,,Venkatesh A,,,
user::madhusudhanan__j,user_place_bipartite,user,,Madhusudhanan .J,,,
user::selva,user_place_bipartite,user,,Selva,,,
user::bharath_siva,user_place_bipartite,user,,Bharath Siva,,,
user::rejimon_a_r,user_place_bipartite,user,,Rejimon A R,,,
user::rahla_sherin_pv,user_place_bipartite,user,,rahla sherin pv,,,
user::peter_john,user_place_bipartite,user,,Peter John,,,
user::amy_seb,user_place_bipartite,user,,Amy Seb,,,
user::syam_kumar,user_place_bipartite,user,,Syam Kumar,,,
user::neshdi_dth,user_place_bipartite,user,,Neshdi DTH,,,
user::john_luther,user_place_bipartite,user,,John Luther,,,
user::barani_selvam,user_place_bipartite,user,,Barani Selvam,,,
user::athi_narayanan,user_place_bipartite,user,,Athi Narayanan,,,
user::suthan_bala,user_place_bipartite,user,,Suthan Bala,,,
user::ramajeyam_ramajeyam,user_place_bipartite,user,,ramajeyam ramajeyam,,,
user::jeya_balaji,user_place_bipartite,user,,Jeya Balaji,,,
user::sivalingaraja_kaliappan,user_place_bipartite,user,,Sivalingaraja Kaliappan,,,
user::gold_prabhu,user_place_bipartite,user,,Gold Prabhu,,,
user::thavasikumar_c,user_place_bipartite,user,,Thavasikumar C,,,
user::vigneshkumar_sivakumar,user_place_bipartite,user,,Vigneshkumar Sivakumar,,,
user::rider_47,user_place_bipartite,user,,RiDER 47,,,
user::asr_360,user_place_bipartite,user,,ASR 360,,,
user::m_chittrarul,user_place_bipartite,user,,M.Chittrarul,,,
user::yazhini_kumar,user_place_bipartite,user,,yazhini kumar,,,
user::premkumar_jeri,user_place_bipartite,user,,premkumar jeri,,,
user::dinesh_s,user_place_bipartite,user,,DINESH S,,,
user::hari_anu,user_place_bipartite,user,,Hari Anu,,,
user::raji_karuthapandi,user_place_bipartite,user,,Raji Karuthapandi,,,
user::future_tricks2_0,user_place_bipartite,user,,Future tricks2.0,,,
user::deva_pavi,user_place_bipartite,user,,Deva pavi,,,
user::muhammed_salih_ahamed_athaullah,user_place_bipartite,user,,Muhammed Salih Ahamed Athaullah,,,
user::dhanasekar_manickam,user_place_bipartite,user,,Dhanasekar Manickam,,,
user::ponraj_subbiah,user_place_bipartite,user,,ponraj subbiah,,,
user::muthu_krishnan_shanmugam,user_place_bipartite,user,,MUTHU KRISHNAN Shanmugam,,,
user::senthil_nath,user_place_bipartite,user,,Senthil nath,,,
user::santhosh_s,user_place_bipartite,user,,Santhosh S,,,
user::esai_kannan,user_place_bipartite,user,,Esai Kannan,,,
user::jim_carter,user_place_bipartite,user,,Jim Carter,,,
user::dinesh_kowsalya,user_place_bipartite,user,,Dinesh Kowsalya,,,
user::gødwin_møses,user_place_bipartite,user,,Gødwin Møses,,,
user::arun_a,user_place_bipartite,user,,ARUN A,,,
user::paulraj__vinayaka_transport,user_place_bipartite,user,,PAULRAJ (Vinayaka transport),,,
user::balan,user_place_bipartite,user,,Balan,,,
user::sathish_kumar_nksak,user_place_bipartite,user,,Sathish kumar Nksak,,,
user::arun_sankar,user_place_bipartite,user,,Arun Sankar,,,
user::sujith_kumar,user_place_bipartite,user,,Sujith Kumar,,,
user::mohamed_farook,user_place_bipartite,user,,Mohamed Farook,,,
user::trisha_tmg,user_place_bipartite,user,,Trisha TMG,,,
user::mohamed_ashik_ali,user_place_bipartite,user,,MOHAMED ASHIK ALI,,,
user::naushad_yunus,user_place_bipartite,user,,Naushad Yunus,,,
user::mari_selvam,user_place_bipartite,user,,Mari Selvam,,,
user::zee_tamil_vignesh__a_vicky,user_place_bipartite,user,,Zee Tamil Vignesh (A vicky),,,
user::rj_rocky_jes__nellai_rocky,user_place_bipartite,user,,RJ ROCKY JES (NELLAI ROCKY),,,
user::iyappan_n,user_place_bipartite,user,,Iyappan N,,,
user::seshadri_varadarajan,user_place_bipartite,user,,Seshadri Varadarajan,,,
user::gilbert_raj,user_place_bipartite,user,,Gilbert Raj,,,
user::m_ramesh,user_place_bipartite,user,,M Ramesh,,,
user::madhavan,user_place_bipartite,user,,Madhavan,,,
user::anish_g,user_place_bipartite,user,,Anish G,,,
user::muthukalaivani_arumugasamy__seenukalai,user_place_bipartite,user,,Muthukalaivani Arumugasamy (Seenukalai),,,
user::anto_anto,user_place_bipartite,user,,anto anto,,,
user::arun_kumar,user_place_bipartite,user,,Arun kumar,,,
user::mano_micheal,user_place_bipartite,user,,Mano Micheal,,,
user::achuthan_ravi,user_place_bipartite,user,,Achuthan Ravi,,,
user::mr_vino__universal_kid,user_place_bipartite,user,,Mr Vino (Universal Kid),,,
user::athul_sindhu,user_place_bipartite,user,,Athul Sindhu,,,
user::we_make_the_impossible_things,user_place_bipartite,user,,We make the impossible things,,,
user::shabna_b,user_place_bipartite,user,,shabna B,,,
user::arun_sagar,user_place_bipartite,user,,Arun Sagar,,,
user::rajeshrs_raj,user_place_bipartite,user,,Rajeshrs Raj,,,
user::svk_venkat,user_place_bipartite,user,,Svk Venkat,,,
user::satish_dhanaraj,user_place_bipartite,user,,satish dhanaraj,,,
user::prince_p_m,user_place_bipartite,user,,PRINCE P M,,,
user::sai_kumar,user_place_bipartite,user,,Sai Kumar,,,
user::charmathurai_s,user_place_bipartite,user,,Charmathurai S,,,
user::ratharaj_a,user_place_bipartite,user,,RathaRaj A,,,
user::vj_vicky,user_place_bipartite,user,,VJ VICKY,,,
user::ananda_kumar,user_place_bipartite,user,,Ananda Kumar,,,
user::mohamed_risvi,user_place_bipartite,user,,Mohamed Risvi,,,
user::ashok_shasan,user_place_bipartite,user,,Ashok Shasan,,,
user::akshay_s_kumar,user_place_bipartite,user,,AKSHAY S KUMAR,,,
user::shihabudeen_k,user_place_bipartite,user,,Shihabudeen K,,,
user::the_em_cube,user_place_bipartite,user,,The Em cube,,,
user::rahul_krishna_h,user_place_bipartite,user,,Rahul Krishna H,,,
user::vellai_samy,user_place_bipartite,user,,Vellai Samy,,,
user::wasim_akram,user_place_bipartite,user,,Wasim Akram,,,
user::mariappan_p,user_place_bipartite,user,,Mariappan P,,,
user::s_m_t_selvan_nadar____tamiley,user_place_bipartite,user,,S M T SELVAN-NADAR (꧁༺Tamiley༻꧂),,,
user::vishnu_s,user_place_bipartite,user,,Vishnu S,,,
user::john_pennycuick,user_place_bipartite,user,,John Pennycuick,,,
user::sathish_krishnan,user_place_bipartite,user,,Sathish Krishnan,,,
user::vr_status_creations,user_place_bipartite,user,,VR status creations,,,
user::rmuthuvel_ramaiah,user_place_bipartite,user,,rmuthuvel ramaiah,,,
user::sara_beevi,user_place_bipartite,user,,Sara Beevi,,,
user::arunraj,user_place_bipartite,user,,Arunraj,,,
user::axe_xerxes,user_place_bipartite,user,,Axe Xerxes,,,
user::dhisho_r_s,user_place_bipartite,user,,Dhisho R.S,,,
user::fabin_thomas,user_place_bipartite,user,,Fabin Thomas,,,
user::mr_tamil_n_72,user_place_bipartite,user,,MR_TAMIL_N 72,,,
user::vinoth_raja_k,user_place_bipartite,user,,Vinoth Raja K,,,
user::antony_stephen,user_place_bipartite,user,,ANTONY STEPHEN,,,
user::ramakumar_ulaganathan,user_place_bipartite,user,,Ramakumar Ulaganathan,,,
user::unnikuttan_a,user_place_bipartite,user,,UNNIKUTTAN A,,,
user::benenet_y,user_place_bipartite,user,,Benenet Y,,,
user::ms_home,user_place_bipartite,user,,Ms Home,,,
user::ĸarυppaѕaмy_g,user_place_bipartite,user,,ĸarυppaѕaмy g,,,
user::siva_das,user_place_bipartite,user,,Siva Das,,,
user::giftson_david,user_place_bipartite,user,,Giftson David,,,
user::aibin_hawkz,user_place_bipartite,user,,AIBIN HAWKZ,,,
user::dd,user_place_bipartite,user,,DD,,,
user::aravindan_sankaranarayanan,user_place_bipartite,user,,Aravindan Sankaranarayanan,,,
user::kumar,user_place_bipartite,user,,KUMAR,,,
user::afzal,user_place_bipartite,user,,Afzal,,,
user::த_ன_ப_ண_ட__தம_ழன__சரவணன,user_place_bipartite,user,,தென்பாண்டி தமிழன் சரவணன்,,,
user::patta_varayan,user_place_bipartite,user,,Patta varayan,,,
user::prem_raj,user_place_bipartite,user,,prem raj,,,
user::vk_ohmprakash,user_place_bipartite,user,,Vk Ohmprakash,,,
user::bhagavathi_raja_bagavathi,user_place_bipartite,user,,bhagavathi RAJA BAGAVATHI,,,
user::saqlain_mushtaq,user_place_bipartite,user,,Saqlain Mushtaq,,,
user::s_k,user_place_bipartite,user,,S K,,,
user::siva_ram,user_place_bipartite,user,,siva ram,,,
user::prajin_p,user_place_bipartite,user,,PRAJIN P,,,
user::tn76_traveler,user_place_bipartite,user,,TN76 TRAVELER,,,
user::hari_popzboy,user_place_bipartite,user,,hari popzboy,,,
user::siva_kumar,user_place_bipartite,user,,Siva Kumar,,,
user::jj_ravichandran,user_place_bipartite,user,,JJ Ravichandran,,,
user::mani_m,user_place_bipartite,user,,Mani M,,,
user::madhavi_murugan,user_place_bipartite,user,,Madhavi Murugan,,,
user::vignesh_raj__vicky,user_place_bipartite,user,,Vignesh Raj (Vicky),,,
user::fj,user_place_bipartite,user,,FJ,,,
user::dhanalakshmi_dhanalakshmi,user_place_bipartite,user,,Dhanalakshmi Dhanalakshmi,,,
user::sivarajalngam_nivi_s,user_place_bipartite,user,,SIVARAJALNGAM NIVI S,,,
user::bharathi,user_place_bipartite,user,,Bharathi,,,
user::karpagavalli_karpagavalli,user_place_bipartite,user,,Karpagavalli karpagavalli,,,
user::m_krishna,user_place_bipartite,user,,M Krishna,,,
user::mabhu_k,user_place_bipartite,user,,Mabhu k,,,
user::ramesh_ram_ram,user_place_bipartite,user,,Ramesh ram Ram,,,
user::krithika_s,user_place_bipartite,user,,Krithika S,,,
user::abishek_ragland,user_place_bipartite,user,,Abishek ragland,,,
user::sivakumar,user_place_bipartite,user,,sivakumar,,,
user::vinod__b,user_place_bipartite,user,,Vinod .B,,,
user::mari_mari,user_place_bipartite,user,,Mari Mari,,,
user::chinna_samy,user_place_bipartite,user,,Chinna Samy,,,
user::r_palpandi,user_place_bipartite,user,,R Palpandi,,,
user::premam_mani_str,user_place_bipartite,user,,Premam Mani str,,,
user::senthil_kumar_m,user_place_bipartite,user,,SENTHIL KUMAR M,,,
user::boomija_m,user_place_bipartite,user,,Boomija M,,,
user::balaji_a,user_place_bipartite,user,,Balaji A,,,
user::paramasivan_samuthiram,user_place_bipartite,user,,Paramasivan Samuthiram,,,
user::arikrishnan_v,user_place_bipartite,user,,Arikrishnan V,,,
user::mathavan_is_saru_studio_tmpm,user_place_bipartite,user,,Mathavan Is Saru Studio TMPM,,,
user::suresh_kumar,user_place_bipartite,user,,Suresh Kumar,,,
user::jebaraj,user_place_bipartite,user,,Jebaraj,,,
user::seenivasan_t,user_place_bipartite,user,,Seenivasan T,,,
user::poco_x3,user_place_bipartite,user,,Poco X3,,,
user::muthu_krishnan,user_place_bipartite,user,,Muthu Krishnan,,,
user::syed_sulaiman,user_place_bipartite,user,,syed Sulaiman,,,
user::ukkasim_shahulhajira,user_place_bipartite,user,,Ukkasim ShahulHajira,,,
user::rajan_m,user_place_bipartite,user,,RAJAN M,,,
user::abdul_kader_a_thahir,user_place_bipartite,user,,Abdul Kader A Thahir,,,
user::skf_tech_gurus,user_place_bipartite,user,,SKF Tech gurus,,,
user::dùráī_màddy,user_place_bipartite,user,,DùRáī MàDdy,,,
user::ayya_thurai,user_place_bipartite,user,,Ayya Thurai,,,
user::krishnakumar_r,user_place_bipartite,user,,krishnakumar r,,,
user::ashokkumar_s,user_place_bipartite,user,,ASHOKKUMAR S,,,
user::balaji__k,user_place_bipartite,user,,balaji .k,,,
user::leo_forsyth,user_place_bipartite,user,,Leo Forsyth,,,
user::vijaya,user_place_bipartite,user,,Vijaya,,,
user::ssangyong_n111,user_place_bipartite,user,,Ssangyong N111,,,
user::m_siva_subramanian,user_place_bipartite,user,,M SIVA SUBRAMANIAN,,,
user::sathish_kumar,user_place_bipartite,user,,Sathish Kumar,,,
user::mukesh_kumar,user_place_bipartite,user,,Mukesh Kumar,,,
user::mathan__m,user_place_bipartite,user,,MATHAN. M,,,
user::sivaraj_tks,user_place_bipartite,user,,Sivaraj Tks,,,
user::murugan_c,user_place_bipartite,user,,MURUGAN C,,,
user::ambrose_jesuraj,user_place_bipartite,user,,Ambrose Jesuraj,,,
user::govindharajan_sahadevan,user_place_bipartite,user,,Govindharajan Sahadevan,,,
user::s_m,user_place_bipartite,user,,S m,,,
user::balamurugan_asb,user_place_bipartite,user,,BALAMURUGAN ASB,,,
user::megaraj_a,user_place_bipartite,user,,Megaraj A,,,
user::southindian_traveller,user_place_bipartite,user,,Southindian traveller,,,
user::jaba_singraj__vidiyal_medical_mission,user_place_bipartite,user,,jaba singraj (Vidiyal Medical Mission),,,
user::iii_surya_raman,user_place_bipartite,user,,III surya Raman,,,
user::anu_jayaraj,user_place_bipartite,user,,Anu Jayaraj,,,
user::renius_renius,user_place_bipartite,user,,Renius Renius,,,
user::raman_s,user_place_bipartite,user,,Raman S,,,
user::kali_pandi,user_place_bipartite,user,,Kali pandi,,,
user::ramkumar_annakili,user_place_bipartite,user,,ramkumar annakili,,,
user::manikandan,user_place_bipartite,user,,Manikandan,,,
user::raja_a,user_place_bipartite,user,,Raja A,,,
user::nellai_naygam,user_place_bipartite,user,,nellai naygam,,,
user::sivasubramanian_g,user_place_bipartite,user,,Sivasubramanian G,,,
user::selvamani_mani,user_place_bipartite,user,,Selvamani Mani,,,
user::villu_vicky,user_place_bipartite,user,,Villu Vicky,,,
user::thirumalai_kumar,user_place_bipartite,user,,Thirumalai Kumar,,,
user::vignesh_hari,user_place_bipartite,user,,Vignesh Hari,,,
user::sivasubramanian_thoothukudi,user_place_bipartite,user,,Sivasubramanian Thoothukudi,,,
user::byju_bikebyju,user_place_bipartite,user,,byju Bikebyju,,,
user::adv_deepi_ashok,user_place_bipartite,user,,Adv DEEPI ASHOK,,,
user::g_p_suresh_gopal_cabs_ngl,user_place_bipartite,user,,G.P.Suresh Gopal Cabs Ngl,,,
user::rajiv_kumar_velsamy,user_place_bipartite,user,,Rajiv Kumar Velsamy,,,
user::faris_ns_9317,user_place_bipartite,user,,Faris ns 9317,,,
user::arun_das_a_h,user_place_bipartite,user,,arun das a h,,,
user::shahul_hameed,user_place_bipartite,user,,shahul hameed,,,
user::praveen_kumar,user_place_bipartite,user,,Praveen Kumar,,,
user::a_a_mohamed_arsath,user_place_bipartite,user,,A.A.Mohamed Arsath,,,
user::malik_m,user_place_bipartite,user,,malik m,,,
user::husain_abu_hunaid,user_place_bipartite,user,,HUSAIN Abu Hunaid,,,
user::abdul_rasith,user_place_bipartite,user,,Abdul Rasith,,,
user::mohammed_saleem,user_place_bipartite,user,,mohammed saleem,,,
user::sabi_raja,user_place_bipartite,user,,Sabi Raja,,,
user::miracle_thivan__shabih,user_place_bipartite,user,,Miracle Thivan (Shabih),,,
user::sumathi_ramesh,user_place_bipartite,user,,Sumathi Ramesh,,,
user::mohammed_mustapha,user_place_bipartite,user,,Mohammed Mustapha,,,
user::imjose,user_place_bipartite,user,,Imjose,,,
user::karpooraraj,user_place_bipartite,user,,KARPOORARAJ,,,
user::muhamad_fayaz,user_place_bipartite,user,,Muhamad Fayaz,,,
user::sriram,user_place_bipartite,user,,Sriram,,,
user::your_thoughts,user_place_bipartite,user,,Your Thoughts,,,
user::sathiyaseelan_smt,user_place_bipartite,user,,Sathiyaseelan SMT,,,
user::indira_prathap,user_place_bipartite,user,,indira prathap,,,
user::srimathi_durai,user_place_bipartite,user,,Srimathi Durai,,,
user::rizwan_hussain_mohammed,user_place_bipartite,user,,Rizwan Hussain Mohammed,,,
user::ismail_ahamed_m,user_place_bipartite,user,,Ismail Ahamed M,,,
user::ananthi_chela,user_place_bipartite,user,,ananthi CHELA,,,
user::sudhan_murugan,user_place_bipartite,user,,SUDHAN MURUGAN,,,
user::ameer_sulthan,user_place_bipartite,user,,Ameer Sulthan,,,
user::pon_raja,user_place_bipartite,user,,Pon Raja,,,
user::ramesh_arun_selvan,user_place_bipartite,user,,Ramesh Arun Selvan,,,
user::p_r_a_k_a_s_h,user_place_bipartite,user,,P R A K A S H,,,
user::kathirvan_s,user_place_bipartite,user,,KATHIRVAN S,,,
user::sreejith_sr,user_place_bipartite,user,,Sreejith SR,,,
user::joshy_chakravarthy,user_place_bipartite,user,,Joshy Chakravarthy,,,
user::thandabani_rs,user_place_bipartite,user,,Thandabani Rs,,,
user::jayaprabha_jayaprakash,user_place_bipartite,user,,Jayaprabha Jayaprakash,,,
user::vinoth,user_place_bipartite,user,,Vinoth,,,
user::xavier_j,user_place_bipartite,user,,Xavier J,,,
user::s_palani_chamy,user_place_bipartite,user,,S.Palani Chamy.,,,
user::selvam_ponmani,user_place_bipartite,user,,Selvam Ponmani,,,
user::karutha_pandi,user_place_bipartite,user,,Karutha Pandi,,,
user::vel_kumar,user_place_bipartite,user,,Vel Kumar,,,
user::raj_kumar,user_place_bipartite,user,,raj kumar,,,
user::siva_dev,user_place_bipartite,user,,Siva Dev,,,
user::rathnam_selva,user_place_bipartite,user,,Rathnam Selva,,,
user::ss_0307,user_place_bipartite,user,,SS 0307,,,
user::pan_card,user_place_bipartite,user,,PAN CARD,,,
user::rj_vignesh,user_place_bipartite,user,,RJ vignesh,,,
user::hari_suthanan_r,user_place_bipartite,user,,Hari Suthanan R,,,
user::sk_rajesh,user_place_bipartite,user,,Sk Rajesh,,,
user::venkada_ramanan_m,user_place_bipartite,user,,Venkada Ramanan M,,,
user::sabarikanth_jeyam,user_place_bipartite,user,,Sabarikanth Jeyam,,,
user::rajkumar_kaliappan,user_place_bipartite,user,,Rajkumar Kaliappan,,,
user::priya_cn,user_place_bipartite,user,,Priya CN,,,
user::antharved_pasalapudi,user_place_bipartite,user,,Antharved Pasalapudi,,,
user::suresh_garin,user_place_bipartite,user,,Suresh Garin,,,
user::rajan_sukumaran,user_place_bipartite,user,,Rajan Sukumaran,,,
user::ak_cammander,user_place_bipartite,user,,Ak Cammander,,,
user::க_ணச_கரன__வ_வச_ய,user_place_bipartite,user,,குணசேகரன் விவசாயி,,,
user::raja_raja,user_place_bipartite,user,,RAJA RAJA,,,
user::manoj_ajithkumar_manoj_ajithkumar,user_place_bipartite,user,,Manoj Ajithkumar Manoj Ajithkumar,,,
user::ullas_s,user_place_bipartite,user,,Ullas S,,,
