node_id:ID(Place),name,category,rating,total_user_ratings,formatted_address,google_maps_url,:LABEL
ChIJK_vW_PgqBDsRl61YBJHIHuY,Courtallam Five Falls,tourist_attraction,4.4,39765,"Tenkasi district, Tamil Nadu, and, Punalur, Courtallam Slopes R.F., Kerala 627802, India",https://maps.google.com/?cid=16581911403193478551&g_mp=CiVnb29nbGUubWFwcy5wbGFjZXMudjEuUGxhY2VzLkdldFBsYWNlEAIYBCAA,Place
ChIJYcmgkrEXrjsRLJXEahB3kOs,Indiahikes,travel_agency,4.9,13610,"139, Defence Colony Rd, Defence Layout, Sahakar Nagar, Bengaluru, Karnataka 560092, India",https://maps.google.com/?cid=16974197907953849644&g_mp=CiVnb29nbGUubWFwcy5wbGFjZXMudjEuUGxhY2VzLkdldFBsYWNlEAIYBCAA,Place
ChIJS4UuXhkrBDsRolNUEQ3qPoI,Coutrallam Main Waterfalls,tourist_attraction,4.4,12745,"W7H9+WJC, Courtallam, Tamil Nadu 627802, India",https://maps.google.com/?cid=9385196015332905890&g_mp=CiVnb29nbGUubWFwcy5wbGFjZXMudjEuUGxhY2VzLkdldFBsYWNlEAIYBCAA,Place
ChIJq0u5QegpBDsRAjW5G91ajmk,"Arulmigu Kaasi Viswanathar Temple, Tenkasi(Pancha Kashi)",hindu_temple,4.7,12348,"X845+M4Q, E Car St, Tenkasi, Tamil Nadu 627811, India",https://maps.google.com/?cid=7606116726374741250&g_mp=CiVnb29nbGUubWFwcy5wbGFjZXMudjEuUGxhY2VzLkdldFBsYWNlEAIYBCAA,Place
ChIJOXLCPOgpBDsR1ahseikbHMM,Ulagamman Kasi Viswanathar Kovil Tenkasi,hindu_temple,4.7,8532,"Tenkasi, Tamil Nadu 627811, India",https://maps.google.com/?cid=14059142001705396437&g_mp=CiVnb29nbGUubWFwcy5wbGFjZXMudjEuUGxhY2VzLkdldFBsYWNlEAIYBCAA,Place
ChIJEU6I6hKDBjsRvMeXfF6jNy8,Tenkasi New Bus Stand,transportation_service,3.9,8290,"X8C2+HJ9, Tenkasi, Tamil Nadu 627811, India",https://maps.google.com/?cid=3402367669714274236&g_mp=CiVnb29nbGUubWFwcy5wbGFjZXMudjEuUGxhY2VzLkdldFBsYWNlEAIYBCAA,Place
ChIJA9XmEZaXBjsREmckXJgSs8g,Arulmigu Sankaranarayana Swamy Temple,hindu_temple,4.7,6991,"5GCM+92C, Ayyanar Temple Rd, Sankarankoil, Tamil Nadu 627756, India",https://maps.google.com/?cid=14461923274007013138&g_mp=CiVnb29nbGUubWFwcy5wbGFjZXMudjEuUGxhY2VzLkdldFBsYWNlEAIYBCAA,Place
ChIJSbdL6FwpBDsRe3ls0A6mwDI,Old Courtallam Falls,tourist_attraction,4.5,6259,"V7XW+W7F, Tigar Falls Road, arch, Pulichikulam, Courtallam Slopes R.F., Tamil Nadu 627814, India",https://maps.google.com/?cid=3657105479981365627&g_mp=CiVnb29nbGUubWFwcy5wbGFjZXMudjEuUGxhY2VzLkdldFBsYWNlEAIYBCAA,Place
ChIJ1WAtoyzvBTsR_KDWpC-b72Q,Sivagiri Mutt,place_of_worship,4.6,5616,"Sivagiri Rd, Varkala, Kerala 695141, India",https://maps.google.com/?cid=7273202552157937916&g_mp=CiVnb29nbGUubWFwcy5wbGFjZXMudjEuUGxhY2VzLkdldFBsYWNlEAIYBCAA,Place
ChIJs0Wor3DVBTsR3EUyE5eY0po,Palaruvi Waterfalls,tourist_attraction,4.5,5402,"W5R8+R2M, Rd to Palaruvi Waterfalls, Palaruvi, Kerala 691309, India",https://maps.google.com/?cid=11156147001579685340&g_mp=CiVnb29nbGUubWFwcy5wbGFjZXMudjEuUGxhY2VzLkdldFBsYWNlEAIYBCAA,Place
ChIJh_EnhcOABjsRHN91tNw1LuI,Arulmigu Thirumalai Kumaraswamy Temple,hindu_temple,4.7,5079,"26PG+C65, Thirumalaikoil Rd, Thenpothai, Tamil Nadu 627807, India",https://maps.google.com/?cid=16298023323537104668&g_mp=CiVnb29nbGUubWFwcy5wbGFjZXMudjEuUGxhY2VzLkdldFBsYWNlEAIYBCAA,Place
ChIJVwjgd1i0BzsRblc5epBLSdk,Karikadu View Point,tourist_attraction,4.4,4771,"SH14, Elappara Road, Erattupetta, Vagamon, Kerala 686580, India",https://maps.google.com/?cid=15657128663428192110&g_mp=CiVnb29nbGUubWFwcy5wbGFjZXMudjEuUGxhY2VzLkdldFBsYWNlEAIYBCAA,Place
ChIJ5U3FUsN6BzsRXLUT1A2krkE,Mannavanur Lake,tourist_attraction,4.6,3642,"69F6+X6G Elumpallam Lake, Mannavanur, Tamil Nadu 624103, India",https://maps.google.com/?cid=4732900637712561500&g_mp=CiVnb29nbGUubWFwcy5wbGFjZXMudjEuUGxhY2VzLkdldFBsYWNlEAIYBCAA,Place
ChIJq_30syfHBTsRDN_ppvdu-Qw,Happyland Water Theme & Amusement Park,amusement_park,3.7,3418,"Kuthirakulam P.O, Manikkal, Vembayam, Kerala 695615, India",https://maps.google.com/?cid=934900407592410892&g_mp=CiVnb29nbGUubWFwcy5wbGFjZXMudjEuUGxhY2VzLkdldFBsYWNlEAIYBCAA,Place
ChIJYX7Kl4vtBDsR039NLAJ_YqA,Sunset View Point,tourist_attraction,4.5,3377,"Beach Rd, Kanniyakumari, Tamil Nadu 629702, India",https://maps.google.com/?cid=11556939241096052691&g_mp=CiVnb29nbGUubWFwcy5wbGFjZXMudjEuUGxhY2VzLkdldFBsYWNlEAIYBCAA,Place
ChIJw7X27VwpBDsREcsa7LVsoOo,Palaya Kutraalam,tourist_attraction,4.5,3321,"V7XW+X8Q, Courtallam Slopes R.F., Tamil Nadu 627814, India",https://maps.google.com/?cid=16906632529754901265&g_mp=CiVnb29nbGUubWFwcy5wbGFjZXMudjEuUGxhY2VzLkdldFBsYWNlEAIYBCAA,Place
ChIJ8YVwxCXWBTsRvT3uZ68XOd4,Thenmala Dam,tourist_attraction,4.3,3163,"X339+MWX, Thenmala, Kerala 691308, India",https://maps.google.com/?cid=16012855992222891453&g_mp=CiVnb29nbGUubWFwcy5wbGFjZXMudjEuUGxhY2VzLkdldFBsYWNlEAIYBCAA,Place
ChIJ0c7lGSrWBTsRkBSbPcVBkXY,Thenmala Ecotourism,tour_agency,4.1,2818,"Thiruvanathapuram-Thenmala Road, Kollam - Punalur - Tenkasi, Thenmala, Kerala 691308, India",https://maps.google.com/?cid=8543682283496477840&g_mp=CiVnb29nbGUubWFwcy5wbGFjZXMudjEuUGxhY2VzLkdldFBsYWNlEAIYBCAA,Place
ChIJs-vSFNY3BDsR89RjoQRctKQ,Agasthiyar Falls,tourist_attraction,4.6,2486,"P937+JC, Papanasam, Tamil Nadu 627425, India",https://maps.google.com/?cid=11868212092985398515&g_mp=CiVnb29nbGUubWFwcy5wbGFjZXMudjEuUGxhY2VzLkdldFBsYWNlEAIYBCAA,Place
ChIJD78c1f55TToRGLpH8xxbK4A,Exoticamp,childrens_camp,4.8,2403,"Muttukkaranchavadi, Thoraipakkam, Chennai, Tamil Nadu 600097, India",https://maps.google.com/?cid=9235575640752110104&g_mp=CiVnb29nbGUubWFwcy5wbGFjZXMudjEuUGxhY2VzLkdldFBsYWNlEAIYBCAA,Place
ChIJpYX5oKS0BzsRCF-SFs2O4X4,Thangalpara,tourist_attraction,4.5,2208,"MW85+65F, Vagamon, Kerala 685501, India",https://maps.google.com/?cid=9142745730036948744&g_mp=CiVnb29nbGUubWFwcy5wbGFjZXMudjEuUGxhY2VzLkdldFBsYWNlEAIYBCAA,Place
ChIJr_DnasZDBDsRdHpzZHl96h0,Kalakad Thalayanai,tourist_attraction,4.5,2205,"GGG3+J6P, Kalakadu R.F, Tamil Nadu 627501, India",https://maps.google.com/?cid=2155673331980008052&g_mp=CiVnb29nbGUubWFwcy5wbGFjZXMudjEuUGxhY2VzLkdldFBsYWNlEAIYBCAA,Place
ChIJ1S7Asz1_BjsRHMPTvhPcsew,Thenmala Reserve Forest,tourist_attraction,4.4,2182,"248P+VR6, Rd to Palaruvi Waterfalls, Kerala, India",https://maps.google.com/?cid=17055655241192817436&g_mp=CiVnb29nbGUubWFwcy5wbGFjZXMudjEuUGxhY2VzLkdldFBsYWNlEAIYBCAA,Place
ChIJEcufPSnWBTsRxy-_bLmZmH8,Leisure Zone and Sculpture Garden,tourist_attraction,4.1,2141,"X347+QJ9, Thenmala, Kerala 691308, India",https://maps.google.com/?cid=9194267660949336007&g_mp=CiVnb29nbGUubWFwcy5wbGFjZXMudjEuUGxhY2VzLkdldFBsYWNlEAIYBCAA,Place
ChIJj5J6tMg2BDsRz7ctSBm1ssY,Mundanthurai Tiger Reserve,national_park,4.4,2081,"Ambasamudram - Papanasam - Upper Dam Rd, Papanasam R.F., Tamil Nadu 627425, India",https://maps.google.com/?cid=14317705285553993679&g_mp=CiVnb29nbGUubWFwcy5wbGFjZXMudjEuUGxhY2VzLkdldFBsYWNlEAIYBCAA,Place
ChIJKdfVQHx4BjsRaFlls0YJF5k,Deer Park | Thenmala,zoo,3.9,1937,"X382+PW3, Kollam - Thirumangalam Rd, Thenmala, Kerala 691308, India",https://maps.google.com/?cid=11031296011529443688&g_mp=CiVnb29nbGUubWFwcy5wbGFjZXMudjEuUGxhY2VzLkdldFBsYWNlEAIYBCAA,Place
ChIJp799eI9HBDsR3P-8VWdE1GY,Manimutharu WaterFalls,tourist_attraction,4.6,1784,"JC96+JWX, Manimuthar to Manjolai Road, Singampatti Zamindar Forest, Tamil Nadu 627421, India",https://maps.google.com/?cid=7409622497542078428&g_mp=CiVnb29nbGUubWFwcy5wbGFjZXMudjEuUGxhY2VzLkdldFBsYWNlEAIYBCAA,Place
ChIJ4_X9FJh9BjsR_17bRtA6rsQ,Kumbhavurutty Falls,tourist_attraction,4.4,1371,"35MF+R4C, Aruvappulam, Kerala 689691, India",https://maps.google.com/?cid=14172329743597919999&g_mp=CiVnb29nbGUubWFwcy5wbGFjZXMudjEuUGxhY2VzLkdldFBsYWNlEAIYBCAA,Place
ChIJLXq4koaBBjsRPotpsyTXmss,Shenkottai Bus Stand,travel_agency,3.6,1324,"Shenkottai, Tamil Nadu 627809, India",https://maps.google.com/?cid=14671275288741645118&g_mp=CiVnb29nbGUubWFwcy5wbGFjZXMudjEuUGxhY2VzLkdldFBsYWNlEAIYBCAA,Place
ChIJ3SL2-ywqBDsReqhmPpQ1N6Y,Tiger Falls,tourist_attraction,4.1,1285,"W7GH+R7H, Courtallam, Tamil Nadu 627802, India",https://maps.google.com/?cid=11977100644833470586&g_mp=CiVnb29nbGUubWFwcy5wbGFjZXMudjEuUGxhY2VzLkdldFBsYWNlEAIYBCAA,Place
ChIJWcTJw2E4BDsRSCgWFmBhTmA,Manimutharu Dam Outlet,water_park,4.4,1101,"JCWF+38F, Dam, Manimutharu, Singampatti Zamindar Forest, Tamil Nadu 627421, India",https://maps.google.com/?cid=6939591141139818568&g_mp=CiVnb29nbGUubWFwcy5wbGFjZXMudjEuUGxhY2VzLkdldFBsYWNlEAIYBCAA,Place
ChIJyynNh8AqBDsRiwzRqzGp6EU,Gundaru Dam,lake,4.5,1016,"Gundaru Dam, Tamil Nadu 627809",https://maps.google.com/?cid=5037462214014995595&g_mp=CiVnb29nbGUubWFwcy5wbGFjZXMudjEuUGxhY2VzLkdldFBsYWNlEAIYBCAA,Place
ChIJx3oBXj-HBjsRE_nhoTDm7QE,Erumai Chavadi Waterfalls,tourist_attraction,4.2,948,"Sivam Falls River, Puliyarai R.F. Part, Tamil Nadu 627807, India",https://maps.google.com/?cid=139020260067113235&g_mp=CiVnb29nbGUubWFwcy5wbGFjZXMudjEuUGxhY2VzLkdldFBsYWNlEAIYBCAA,Place
ChIJdS50RessBDsRIrl0s_laps0,Shendurney Wildlife Sanctuary,nature_preserve,4.4,938,"Shendurney Wild life division, Thenmala, V659+42J, 691308, India",https://maps.google.com/?cid=14818631652413323554&g_mp=CiVnb29nbGUubWFwcy5wbGFjZXMudjEuUGxhY2VzLkdldFBsYWNlEAIYBCAA,Place
ChIJmx_yi8kHBzsR2s_M3Lsl5qY,Amappara,tourist_attraction,4.6,932,"Path,, R68M+JP5, Ramakkalmedu, Kerala 685552, India",https://maps.google.com/?cid=12026341343733010394&g_mp=CiVnb29nbGUubWFwcy5wbGFjZXMudjEuUGxhY2VzLkdldFBsYWNlEAIYBCAA,Place
ChIJTw4-HQspBDsRxSA2_-hlNbo,Thrill Park,adventure_sports_center,4.9,923,"2/243, Sillaraipuravu, Ambai to Tenkasi Main Road, Mathalamparai, Tenkasi, Sillaraipuravu, Tamil Nadu 627814, India",https://maps.google.com/?cid=13417742716208816325&g_mp=CiVnb29nbGUubWFwcy5wbGFjZXMudjEuUGxhY2VzLkdldFBsYWNlEAIYBCAA,Place
ChIJITuH6jEoBDsRU0_yLDXVRqo,Anniyan Parai View Point,tourist_attraction,4.3,903,"X85Q+7R5, Tamil Nadu 627814, India",https://maps.google.com/?cid=12269728659181555539&g_mp=CiVnb29nbGUubWFwcy5wbGFjZXMudjEuUGxhY2VzLkdldFBsYWNlEAIYBCAA,Place
ChIJER8LMBfVBTsR75-rEdGnPi4,Rajathottam view Point,nature_preserve,4.6,782,"X52X+849, Tamil Nadu 627809, India",https://maps.google.com/?cid=3332285290687209455&g_mp=CiVnb29nbGUubWFwcy5wbGFjZXMudjEuUGxhY2VzLkdldFBsYWNlEAIYBCAA,Place
ChIJWf8oCTHWBTsRPiZtpzQjC0Q,Pallamvetty Saddle Dam,tourist_attraction,4.2,750,"W3X7+3Q6, SH59, Thenmala, Kerala 691310, India",https://maps.google.com/?cid=4903051328377136702&g_mp=CiVnb29nbGUubWFwcy5wbGFjZXMudjEuUGxhY2VzLkdldFBsYWNlEAIYBCAA,Place
ChIJmUq4_BaHBjsR_okcte-TvjE,Mekkarai Amusement Park,amusement_park,4.6,731,"Misty Moutain Estate, Aagasthiyar kovil street, Panboli, Mekkarai, Tamil Nadu 627807, India",https://maps.google.com/?cid=3584465011178506750&g_mp=CiVnb29nbGUubWFwcy5wbGFjZXMudjEuUGxhY2VzLkdldFBsYWNlEAIYBCAA,Place
ChIJ-9OaB36dBjsRlaENbL5P1ko,Surandai market,market,4.2,703,"old Bus stand, Sivagurunathapuram, Surandai, Tamil Nadu 627859, India",https://maps.google.com/?cid=5392585283097960853&g_mp=CiVnb29nbGUubWFwcy5wbGFjZXMudjEuUGxhY2VzLkdldFBsYWNlEAIYBCAA,Place
ChIJA771Nu19BjsRu-mZnMyN80c,Manalar Waterfalls(achankoil),tourist_attraction,4.4,658,"Divisional Forest Officer, Divisional Forest Office, 35CJ+XH6, Achankoil Road, Kerala 689691, India",https://maps.google.com/?cid=5184643505973750203&g_mp=CiVnb29nbGUubWFwcy5wbGFjZXMudjEuUGxhY2VzLkdldFBsYWNlEAIYBCAA,Place
ChIJ_9tz5U4qBDsRge10f2JIiNM,Boat House - Courtallam குற்றாலம் படகு குழாம்,tourist_attraction,4.0,588,"Five Falls Main Rd, Courtallam, Tamil Nadu 627802, India",https://maps.google.com/?cid=15242512526717808001&g_mp=CiVnb29nbGUubWFwcy5wbGFjZXMudjEuUGxhY2VzLkdldFBsYWNlEAIYBCAA,Place
ChIJKxkbwjYqBDsRm9JusPV_SjQ,Chitraruvi,tourist_attraction,4.4,540,"W7J9+J53, Courtallam, Tamil Nadu 627802, India",https://maps.google.com/?cid=3767964731452609179&g_mp=CiVnb29nbGUubWFwcy5wbGFjZXMudjEuUGxhY2VzLkdldFBsYWNlEAIYBCAA,Place
ChIJrZudDynWBTsRgmRjpkW8rxI,Thenmala Dam Bridge,bridge,4.4,510,"X357+2QM, SH 2, Thenmala, Kerala 691308, India",https://maps.google.com/?cid=1346501820937364610&g_mp=CiVnb29nbGUubWFwcy5wbGFjZXMudjEuUGxhY2VzLkdldFBsYWNlEAIYBCAA,Place
ChIJ8cPCGwr1BjsR4eqs0jIFZmY,Ranni Forest Division,nature_preserve,4.4,485,"75QC+PJJ, Gavi-Moozhiayar Road, Chittar-seethathodu, Kerala 689699, India",https://maps.google.com/?cid=7378590755334187745&g_mp=CiVnb29nbGUubWFwcy5wbGFjZXMudjEuUGxhY2VzLkdldFBsYWNlEAIYBCAA,Place
ChIJH0lvh7pfBDsR4JZ68aVoA5A,Kuthara Paanjan Waterfalls,tourist_attraction,4.4,405,"9G2P+WPV, Mahendragiri R.F., Tamil Nadu 629851, India",https://maps.google.com/?cid=10377253028321990368&g_mp=CiVnb29nbGUubWFwcy5wbGFjZXMudjEuUGxhY2VzLkdldFBsYWNlEAIYBCAA,Place
ChIJYYLr_vB_BjsRgDn7xtJVMDQ,Kottavasal View Point,tourist_attraction,4.4,388,"SH 39, Tamil Nadu 627813, India",https://maps.google.com/?cid=3760600052624210304&g_mp=CiVnb29nbGUubWFwcy5wbGFjZXMudjEuUGxhY2VzLkdldFBsYWNlEAIYBCAA,Place
ChIJGdrFgPSFBjsRhm_nL3wfsO8,Kadayanallur Karuppanadhi Dam,tourist_attraction,4.4,372,"48P4+VM8, Tirunelveli, Vairavankulam R.F., Tamil Nadu 627751, India",https://maps.google.com/?cid=17271339189205954438&g_mp=CiVnb29nbGUubWFwcy5wbGFjZXMudjEuUGxhY2VzLkdldFBsYWNlEAIYBCAA,Place
ChIJ2TouncYpBDsRX7hAWeaci8A,"St. Michael's Shrine, Tenkasi",church,4.5,354,"X838+6X9, Melapuliyur, Tenkasi, Tamil Nadu 627811, India",https://maps.google.com/?cid=13874355590198769759&g_mp=CiVnb29nbGUubWFwcy5wbGFjZXMudjEuUGxhY2VzLkdldFBsYWNlEAIYBCAA,Place
ChIJu6_7thuBBjsRVg9YNd4l0is,Panpoli Park,park,3.9,352,"26FX+XFC, Panboli, Tamil Nadu 627807, India",https://maps.google.com/?cid=3157627925048069974&g_mp=CiVnb29nbGUubWFwcy5wbGFjZXMudjEuUGxhY2VzLkdldFBsYWNlEAIYBCAA,Place
ChIJKav0Do8pBDsRONXe_wPVWg4,Thirumalai Murugan Temple,hindu_temple,4.6,348,"Unnamed Road, Tenkasi, Thenpothai, Tamil Nadu 627814, India",https://maps.google.com/?cid=1034373277589361976&g_mp=CiVnb29nbGUubWFwcy5wbGFjZXMudjEuUGxhY2VzLkdldFBsYWNlEAIYBCAA,Place
ChIJQ1jykPgqBDsRWh_K8EP8SzM,Eco park courtallam,park,4.3,309,"Near, Five Falls Main Rd, Tamil Nadu 627802, India",https://maps.google.com/?cid=3696325287920410458&g_mp=CiVnb29nbGUubWFwcy5wbGFjZXMudjEuUGxhY2VzLkdldFBsYWNlEAIYBCAA,Place
ChIJF1I-4B8uBDsRBisQ2NN5OiQ,Kadana Nathi Dam,lake,4.6,297,"Kadana Nathi Dam, Tamil Nadu 627412",https://maps.google.com/?cid=2610532884784622342&g_mp=CiVnb29nbGUubWFwcy5wbGFjZXMudjEuUGxhY2VzLkdldFBsYWNlEAIYBCAA,Place
ChIJTQ51yEc5BDsRchgzbmWedQM,Ambai Periyakovil Padithurai,hindu_temple,4.5,291,"MFW4+4XM, Ambasamudram, Tamil Nadu 627416, India",https://maps.google.com/?cid=249279512866658418&g_mp=CiVnb29nbGUubWFwcy5wbGFjZXMudjEuUGxhY2VzLkdldFBsYWNlEAIYBCAA,Place
ChIJ308m0RKDBjsRZ0cQTKNjysU,Sunflower Garden,tourist_attraction,4.5,280,"X9XJ+CHP, Sambavarvadakarai, Tamil Nadu 627856, India",https://maps.google.com/?cid=14252313523774310247&g_mp=CiVnb29nbGUubWFwcy5wbGFjZXMudjEuUGxhY2VzLkdldFBsYWNlEAIYBCAA,Place
ChIJs9Dr4fU5BDsRqbyRIkbSoBk,Amma Park,park,4.2,280,"PC6G+7M3, Agasthiyarpatti, Mannarkovil, Tamil Nadu 627428, India",https://maps.google.com/?cid=1846707045891423401&g_mp=CiVnb29nbGUubWFwcy5wbGFjZXMudjEuUGxhY2VzLkdldFBsYWNlEAIYBCAA,Place
ChIJ4ad1C085BDsR-sHSg1RYqGI,Sankaralinga samy padithurai,tourist_attraction,4.5,277,"MCPQ+R25, Sankarankovil Rd, Tamil Nadu 627416, India",https://maps.google.com/?cid=7109029131816452602&g_mp=CiVnb29nbGUubWFwcy5wbGFjZXMudjEuUGxhY2VzLkdldFBsYWNlEAIYBCAA,Place
ChIJv4DWN_M7BDsRLxeax-9oHoE,Athiri Malai Temple,hindu_temple,4.6,276,"kadana dam, Alwarkurichi, Papanasam R.F., Tamil Nadu 627412, India",https://maps.google.com/?cid=9303989259249260335&g_mp=CiVnb29nbGUubWFwcy5wbGFjZXMudjEuUGxhY2VzLkdldFBsYWNlEAIYBCAA,Place
ChIJPfdqvkIoBDsRULHUSqls3ZE,Kushi Water Park,water_park,3.3,248,"Megnanapuram, Tenkasi, Tamil Nadu 627814, India",https://maps.google.com/?cid=10510676579713331536&g_mp=CiVnb29nbGUubWFwcy5wbGFjZXMudjEuUGxhY2VzLkdldFBsYWNlEAIYBCAA,Place
ChIJzwJEEgjnBjsR0AN97RqwiyM,Katalagar waterfalls,tourist_attraction,4.5,228,"HH85+7C8, Katalgar Temple Walk, Valaikkulam R.F., Tamil Nadu 626125, India",https://maps.google.com/?cid=2561334442790290384&g_mp=CiVnb29nbGUubWFwcy5wbGFjZXMudjEuUGxhY2VzLkdldFBsYWNlEAIYBCAA,Place
ChIJ2eXb9TDWBTsRApB9tySLwcY,"Dam Boating Point, Thenmala,Kollam",tourist_attraction,4.4,222,"W3X7+4W4, Thenmala, Kerala 691310, India",https://maps.google.com/?cid=14321881279828430850&g_mp=CiVnb29nbGUubWFwcy5wbGFjZXMudjEuUGxhY2VzLkdldFBsYWNlEAIYBCAA,Place
ChIJYfpHd9CBBjsR0OVER0vPDzQ,Muthusamy Park,park,3.9,221,"X7G2+688, Shenkottai, Tamil Nadu 627809, India",https://maps.google.com/?cid=3751444936848106960&g_mp=CiVnb29nbGUubWFwcy5wbGFjZXMudjEuUGxhY2VzLkdldFBsYWNlEAIYBCAA,Place
ChIJDbOCbOEpBDsRGXzqHo5TGck,Ai4 Imaging and Indexing Private Limited,bridge,4.3,220,"Railway Rd, Tenkasi, Tamil Nadu 627811, India",https://maps.google.com/?cid=14490705145910426649&g_mp=CiVnb29nbGUubWFwcy5wbGFjZXMudjEuUGxhY2VzLkdldFBsYWNlEAIYBCAA,Place
ChIJDQL5k-0rBDsRO0l-ghJ0xPI,Gundar Private Falls,tourist_attraction,4.4,217,"Gundar dam, Kannupuli Mettu Rd, Shenkottai, Puliyarai R.F. Part, Tamil Nadu 627809, India",https://maps.google.com/?cid=17493234475461396795&g_mp=CiVnb29nbGUubWFwcy5wbGFjZXMudjEuUGxhY2VzLkdldFBsYWNlEAIYBCAA,Place
ChIJpyjnUcgqBDsRqKglR-rR6ic,Kannupuli Mettu Falls,tourist_attraction,4.5,202,"Kannupuli Mettu Rd, Shenkottai, Puliyarai R.F. Part, Tamil Nadu 627809, India",https://maps.google.com/?cid=2876342116175685800&g_mp=CiVnb29nbGUubWFwcy5wbGFjZXMudjEuUGxhY2VzLkdldFBsYWNlEAIYBCAA,Place
ChIJMQJVGvJDBDsRlDNht-TnmEc,Thenga urili falls,tourist_attraction,4.5,184,"GGH5+99Q, Talayanai Rd, Kalakadu R.F, Tamil Nadu 627501, India",https://maps.google.com/?cid=5159128342668063636&g_mp=CiVnb29nbGUubWFwcy5wbGFjZXMudjEuUGxhY2VzLkdldFBsYWNlEAIYBCAA,Place
ChIJ____vx8uBDsRdy596_hZp7Y,Kadana Nathi Dam,tourist_attraction,4.7,178,"Kadana Nathi Dam, Papanasam R.F., Tamil Nadu 627412, India",https://maps.google.com/?cid=13161587361651175031&g_mp=CiVnb29nbGUubWFwcy5wbGFjZXMudjEuUGxhY2VzLkdldFBsYWNlEAIYBCAA,Place
ChIJ4ctFls0pBDsRULXiO18rTCc,Kizhapuliyur sub post office,park,4.1,177,"Tenkasi, Tamil Nadu 627814, India",https://maps.google.com/?cid=2831685953735800144&g_mp=CiVnb29nbGUubWFwcy5wbGFjZXMudjEuUGxhY2VzLkdldFBsYWNlEAIYBCAA,Place
ChIJ695M_corBDsRnPDPpXIaNdY,Shenbaga Devi Waterfalls,tourist_attraction,4.5,168,"W7C8+WGG, Courtallam Slopes R.F., Tamil Nadu 627802, India",https://maps.google.com/?cid=15435272377592705180&g_mp=CiVnb29nbGUubWFwcy5wbGFjZXMudjEuUGxhY2VzLkdldFBsYWNlEAIYBCAA,Place
ChIJJ329cx82BDsRg4-Ca4VCsmE,Paana Theertham water Falls,tourist_attraction,4.5,167,"J8G5+P83, Papanasam R.F., Tamil Nadu 627425, India",https://maps.google.com/?cid=7039762308335308675&g_mp=CiVnb29nbGUubWFwcy5wbGFjZXMudjEuUGxhY2VzLkdldFBsYWNlEAIYBCAA,Place
ChIJ9dVwpNXlBjsRYDGYo7XkJsE,Ayyanar Kovil Waterfalls,tourist_attraction,4.3,161,"GCCX+65V, Tamil Nadu 626117, India",https://maps.google.com/?cid=13918063167219970400&g_mp=CiVnb29nbGUubWFwcy5wbGFjZXMudjEuUGxhY2VzLkdldFBsYWNlEAIYBCAA,Place
ChIJwW9191LmBjsRkZD5R5tjbhc,Rakachi Amman kovil Water Falls,tourist_attraction,4.5,157,"GGJ7+V9C, Rajapalayam, Tamil Nadu 626117, India",https://maps.google.com/?cid=1688396428889133201&g_mp=CiVnb29nbGUubWFwcy5wbGFjZXMudjEuUGxhY2VzLkdldFBsYWNlEAIYBCAA,Place
ChIJT0cJOkIvBDsRp3Dc1hZZjns,Ramanadhi Dam,tourist_attraction,4.6,155,"R8W8+HJJ, Dam Entry Rd, Melakadaiyam, Tamil Nadu 627415, India",https://maps.google.com/?cid=8903151467986972839&g_mp=CiVnb29nbGUubWFwcy5wbGFjZXMudjEuUGxhY2VzLkdldFBsYWNlEAIYBCAA,Place
ChIJJ2IpcmrdBjsRiMBIP75mPrI,Shenbaga Thoppu,tourist_attraction,4.5,154,"Srivilliputhur, Tamil Nadu 626117, India",https://maps.google.com/?cid=12843816154598785160&g_mp=CiVnb29nbGUubWFwcy5wbGFjZXMudjEuUGxhY2VzLkdldFBsYWNlEAIYBCAA,Place
ChIJXS_d0_rsBjsR625dSb4lWg4,"Arulmigu Koodara Paarai Sri.Bala Subramania Swamy Malai Kovil, Sivagiri",hindu_temple,4.7,137,"9C3M+99W, Viswanathapperi, Tamil Nadu 627757, India",https://maps.google.com/?cid=1034180563639824107&g_mp=CiVnb29nbGUubWFwcy5wbGFjZXMudjEuUGxhY2VzLkdldFBsYWNlEAIYBCAA,Place
ChIJy8yX9TEjBDsRKrgdgJb00ro,Break Spot,cafe,4.4,122,"VFFC+2W2, Tenkasi - Tirunelveli Rd, Alangulam, Kaluneerkulam, Tamil Nadu 627851, India",https://maps.google.com/?cid=13462091163395536938&g_mp=CiVnb29nbGUubWFwcy5wbGFjZXMudjEuUGxhY2VzLkdldFBsYWNlEAIYBCAA,Place
ChIJWdA66vGHBjsRhYoqWoO-3X0,Mekkarai paddy field,tourist_attraction,4.8,120,"364G+CGM, Mekkarai Dam Rd, Achampudur, Mekkarai, Tamil Nadu 627807, India",https://maps.google.com/?cid=9069614695956777605&g_mp=CiVnb29nbGUubWFwcy5wbGFjZXMudjEuUGxhY2VzLkdldFBsYWNlEAIYBCAA,Place
ChIJAzU2LrmXBjsRtKAvjEwKyQM,திருவள்ளுவர் பூங்கா Thiruvalluvar Park,park,4.1,117,"5GHP+566, Gomathiyapuram, Sankarankoil, Tamil Nadu 627756, India",https://maps.google.com/?cid=272760576318349492&g_mp=CiVnb29nbGUubWFwcy5wbGFjZXMudjEuUGxhY2VzLkdldFBsYWNlEAIYBCAA,Place
ChIJWbtqLwArBDsRGyMHNLc54jA,Main falls Arch,tourist_attraction,4.6,116,"1A, Five Falls Main Rd, Courtallam, Tamil Nadu 627802, India",https://maps.google.com/?cid=3522441317571830555&g_mp=CiVnb29nbGUubWFwcy5wbGFjZXMudjEuUGxhY2VzLkdldFBsYWNlEAIYBCAA,Place
ChIJTx41qRWHBjsRhJ24CoYHETI,Mekkarai,tourist_attraction,4.6,109,"365H+925, Mekkarai Dam Rd, Achampudur, Tamil Nadu 627807, India",https://maps.google.com/?cid=3607673048787361156&g_mp=CiVnb29nbGUubWFwcy5wbGFjZXMudjEuUGxhY2VzLkdldFBsYWNlEAIYBCAA,Place
ChIJ72IPMsYpBDsRfKh1L8TI4cc,Vaikalpaalam bridge,bridge,4.3,95,"tenkasi vaikalpaalam, Melapuliyur, Tenkasi, Tamil Nadu 627811, India",https://maps.google.com/?cid=14403013828242942076&g_mp=CiVnb29nbGUubWFwcy5wbGFjZXMudjEuUGxhY2VzLkdldFBsYWNlEAIYBCAA,Place
ChIJMRHgkG94BjsRt79b3yhE0qA,Kallada Stream Ottakal,park,4.2,88,"X2CV+XHP, Ottakal, Kerala 691308, India",https://maps.google.com/?cid=11588399733514420151&g_mp=CiVnb29nbGUubWFwcy5wbGFjZXMudjEuUGxhY2VzLkdldFBsYWNlEAIYBCAA,Place
ChIJM0QzRSjWBTsRnN8-I46qXuE,Kallada Dam,tourist_attraction,4.4,87,"X358+C97, SH 2, Thenmala, Kerala 691308, India",https://maps.google.com/?cid=16239604833797988252&g_mp=CiVnb29nbGUubWFwcy5wbGFjZXMudjEuUGxhY2VzLkdldFBsYWNlEAIYBCAA,Place
ChIJB9v7CsUpBDsR9m63ZDC_Z0Q,Vembadi Mosque,mosque,4.6,86,"X849+GQ6, 186/22K, SKP St, Tenkasi, Tamil Nadu 627811, India",https://maps.google.com/?cid=4929118531749375734&g_mp=CiVnb29nbGUubWFwcy5wbGFjZXMudjEuUGxhY2VzLkdldFBsYWNlEAIYBCAA,Place
ChIJVaySRBQqBDsRTiMS9vg2e2E,"Courtallam Tourism ,குற்றாலம் சுற்றுலா",tourist_information_center,4.2,85,"19/2 ,MG Resorts Campus, Five Falls Bypass Road Ilanji Courtallam, Tenkasi, Tamil Nadu 627802, India",https://maps.google.com/?cid=7024268486722593614&g_mp=CiVnb29nbGUubWFwcy5wbGFjZXMudjEuUGxhY2VzLkdldFBsYWNlEAIYBCAA,Place
ChIJzenf9bgjBDsRKu4PTt-7chk,"Sorimuthu Ayyanar kovil Alangulam,",hindu_temple,4.7,83,"VG82+9M2, Alangulam, Tamil Nadu 627851, India",https://maps.google.com/?cid=1833734566054981162&g_mp=CiVnb29nbGUubWFwcy5wbGFjZXMudjEuUGxhY2VzLkdldFBsYWNlEAIYBCAA,Place
ChIJ0xaj02V5BjsRnOSAKrKLr0c,Thenmala Eco Adventure Park,tourist_attraction,4.2,79,"X393+GMF, Thenmala, Kerala 691308, India",https://maps.google.com/?cid=5165500894950778012&g_mp=CiVnb29nbGUubWFwcy5wbGFjZXMudjEuUGxhY2VzLkdldFBsYWNlEAIYBCAA,Place
ChIJR_7XweMrBDsR-Deh8t3QKaE,NSP falls,tourist_attraction,4.4,75,"W6P5+X64, Kannupuli Mettu Rd, Puliyarai R.F. Part, Tamil Nadu 627809, India",https://maps.google.com/?cid=11613042765828536312&g_mp=CiVnb29nbGUubWFwcy5wbGFjZXMudjEuUGxhY2VzLkdldFBsYWNlEAIYBCAA,Place
ChIJRYY_rQGBBjsRFzW_3wD1zIc,"Ammaiyar Ootru, Seevanallur",tourist_attraction,4.5,73,"277F+H7J, Seevanallur Rd, Elathur, Tamil Nadu 627803, India",https://maps.google.com/?cid=9785465474471900439&g_mp=CiVnb29nbGUubWFwcy5wbGFjZXMudjEuUGxhY2VzLkdldFBsYWNlEAIYBCAA,Place
ChIJZ-zxuGY9BDsRrMy860z5NG8,Ariyanayagipuram check dam,tourist_attraction,4.5,72,"PGHJ+67R, Vadakku Ariyanayakipuram, Tamil Nadu 627603, India",https://maps.google.com/?cid=8013303745766804652&g_mp=CiVnb29nbGUubWFwcy5wbGFjZXMudjEuUGxhY2VzLkdldFBsYWNlEAIYBCAA,Place
ChIJK0NZsjHWBTsRmQc2zfFZbdw,Thenmala Reservoir Boating Point,tourist_attraction,4.4,68,"X339+8WJ, Thenmala, Kerala 691310, India",https://maps.google.com/?cid=15883450355870467993&g_mp=CiVnb29nbGUubWFwcy5wbGFjZXMudjEuUGxhY2VzLkdldFBsYWNlEAIYBCAA,Place
ChIJ8XZAdBorBDsRCFo9YHNralM,LE FALLS,private_guest_room,4.7,65,"Door No 80, ST-4, Parasakthi Nagar, Courtallam, Tamil Nadu 627802, India",https://maps.google.com/?cid=6010734795959392776&g_mp=CiVnb29nbGUubWFwcy5wbGFjZXMudjEuUGxhY2VzLkdldFBsYWNlEAIYBCAA,Place
ChIJ03S4wKcqBDsR8SJ8qShQuVA,Mottai Dam,tourist_attraction,4.5,65,"X674+HW9, Puliyarai R.F. Part, Tamil Nadu 627809, India",https://maps.google.com/?cid=5816768529298105073&g_mp=CiVnb29nbGUubWFwcy5wbGFjZXMudjEuUGxhY2VzLkdldFBsYWNlEAIYBCAA,Place
ChIJjU74dBhdBDsRI5lqEHTos7M,Thirukurungudi Lake side,tourist_attraction,4.4,61,"CHM6+5PH, SH 177, Nambithoppu, Tamil Nadu 627115, India",https://maps.google.com/?cid=12948948938809579811&g_mp=CiVnb29nbGUubWFwcy5wbGFjZXMudjEuUGxhY2VzLkdldFBsYWNlEAIYBCAA,Place
ChIJnzg1ZEyQBjsRGfXYSNapEy8,Agasthiyar Temple,hindu_temple,4.6,60,"19, W Car St, Chinthamani, Tamil Nadu 627855, India",https://maps.google.com/?cid=3392241682150389017&g_mp=CiVnb29nbGUubWFwcy5wbGFjZXMudjEuUGxhY2VzLkdldFBsYWNlEAIYBCAA,Place
ChIJ6595L7OPBjsRpsrMEvpp2oM,Munthal Falls,tourist_attraction,4.6,53,"595C+5MX முந்தல் மலை, Mundhal Rd, Krishnapuram R.F., Tamil Nadu 627855, India",https://maps.google.com/?cid=9501022886669634214&g_mp=CiVnb29nbGUubWFwcy5wbGFjZXMudjEuUGxhY2VzLkdldFBsYWNlEAIYBCAA,Place
ChIJNTlP4oYvBDsRzFjXuufmSLA,Ramanathi River View Point,tourist_attraction,4.3,53,"R8RM+P6C, Melakadaiyam, Tamil Nadu 627415, India",https://maps.google.com/?cid=12702656631944992972&g_mp=CiVnb29nbGUubWFwcy5wbGFjZXMudjEuUGxhY2VzLkdldFBsYWNlEAIYBCAA,Place
ChIJCW90tIC5BjsRvx0oTnleNA4,Thiruvengadam taluk office,shopping_mall,3.3,53,"7M6F+RQ6, Thiruvengadam, Tamil Nadu 627719, India",https://maps.google.com/?cid=1023546890415250879&g_mp=CiVnb29nbGUubWFwcy5wbGFjZXMudjEuUGxhY2VzLkdldFBsYWNlEAIYBCAA,Place
ChIJxQpqzU5_BjsRqcYtZsnj2bA,Bhagavathipuram water falls,tourist_attraction,4.5,48,"25GG+FR, Puliyarai R.F. Part, Tamil Nadu 627813, India",https://maps.google.com/?cid=12743467074763736745&g_mp=CiVnb29nbGUubWFwcy5wbGFjZXMudjEuUGxhY2VzLkdldFBsYWNlEAIYBCAA,Place
ChIJr72NwE6DBjsRvST4d7NaI3s,Tenkasi Municipal Park,park,3.9,48,"X8F4+RG8, Tenkasi Housing Board, Tenkasi, Tamil Nadu 627811, India",https://maps.google.com/?cid=8873035417708405949&g_mp=CiVnb29nbGUubWFwcy5wbGFjZXMudjEuUGxhY2VzLkdldFBsYWNlEAIYBCAA,Place
ChIJ55TLRMQpBDsR2NtNHVFpAbA,Ambi Paara,tourist_attraction,4.0,47,"X85Q+7R5, Unnamed Road, Tenkasi, Tamil Nadu 627814, India",https://maps.google.com/?cid=12682533822756936664&g_mp=CiVnb29nbGUubWFwcy5wbGFjZXMudjEuUGxhY2VzLkdldFBsYWNlEAIYBCAA,Place
ChIJX6BjwiEnBDsRJ_cID8CZrMc,Veerakeralampudur,hindu_temple,4.0,47,"WCMX+R6M, Tirunelveli, Veerakeralampudur, Tamil Nadu 627861, India",https://maps.google.com/?cid=14388043959706908455&g_mp=CiVnb29nbGUubWFwcy5wbGFjZXMudjEuUGxhY2VzLkdldFBsYWNlEAIYBCAA,Place
ChIJD43vCQCHBjsRweVMYff8XNw,Dam View Point,tourist_attraction,4.3,45,"36CJ+QQ4, MDR924, Mekkarai, Puliyarai R.F. Part, Tamil Nadu 627807, India",https://maps.google.com/?cid=15878844525621077441&g_mp=CiVnb29nbGUubWFwcy5wbGFjZXMudjEuUGxhY2VzLkdldFBsYWNlEAIYBCAA,Place
ChIJy2EmcOYpBDsReZOrnAi6nak,Tenkasi Lake,lake,3.9,42,"Tenkasi Lake, Tenkasi, Tamil Nadu 627811",https://maps.google.com/?cid=12222129509904388985&g_mp=CiVnb29nbGUubWFwcy5wbGFjZXMudjEuUGxhY2VzLkdldFBsYWNlEAIYBCAA,Place
ChIJ_TQF9R4VBDsRrCuTbflWOow,Cheranmahadevi thamirabarani river bathing point,tourist_attraction,4.5,41,"PH27+3X4, Cheranmahadevi, Tamil Nadu 627010, India",https://maps.google.com/?cid=10104484343244336044&g_mp=CiVnb29nbGUubWFwcy5wbGFjZXMudjEuUGxhY2VzLkdldFBsYWNlEAIYBCAA,Place
ChIJs5yD-vMjBDsRqDUAR4-_uAk,Ramar Temple Arch,hindu_temple,4.3,41,"VFCG+JJC, SH 39, Alangulam, Kaluneerkulam, Tamil Nadu 627851, India",https://maps.google.com/?cid=700520364148536744&g_mp=CiVnb29nbGUubWFwcy5wbGFjZXMudjEuUGxhY2VzLkdldFBsYWNlEAIYBCAA,Place
ChIJl0XA89yNBjsRqIaoj43e2y0,"Thalayanai thirutha parai falls, தலையணை திருத்தப்பாறை அருவி",tourist_attraction,4.7,40,"78WG+XF, Sivagiri R.F., Tamil Nadu 627760, India",https://maps.google.com/?cid=3304479451188332200&g_mp=CiVnb29nbGUubWFwcy5wbGFjZXMudjEuUGxhY2VzLkdldFBsYWNlEAIYBCAA,Place
ChIJgUzFlGGHBjsRhNQqli9BmKo,Mekkarai paddy field View Point,tourist_attraction,4.6,40,"366H+QG2, Mekkarai Dam Rd, Achampudur, Tamil Nadu 627807, India",https://maps.google.com/?cid=12292646855546426500&g_mp=CiVnb29nbGUubWFwcy5wbGFjZXMudjEuUGxhY2VzLkdldFBsYWNlEAIYBCAA,Place
ChIJdxLncnIpBDsRVTR-LGvw5IE,Courtallam Tenkasi Road Taj Mahal taxi parking,tourist_attraction,4.5,39,"W7VQ+8V8, SH 40, Taj Mahal park, Courtallam, Tamil Nadu 627802, India",https://maps.google.com/?cid=9359870268681368661&g_mp=CiVnb29nbGUubWFwcy5wbGFjZXMudjEuUGxhY2VzLkdldFBsYWNlEAIYBCAA,Place
ChIJdXZuOVN1BDsRo4MXhjggCPw,Tamirabarani River dam falls,tourist_attraction,4.6,38,"435, Major District Road, near bus stop, Tirunelveli, Srivaikuntam, Tamil Nadu 628621, India",https://maps.google.com/?cid=18160800924511470499&g_mp=CiVnb29nbGUubWFwcy5wbGFjZXMudjEuUGxhY2VzLkdldFBsYWNlEAIYBCAA,Place
ChIJl59G2XAvBDsRItkS__oPRJw,Yanai parai,tourist_attraction,4.1,34,"R9X7+2PW, Kilakadayam, Tamil Nadu 627415, India",https://maps.google.com/?cid=11260142539028748578&g_mp=CiVnb29nbGUubWFwcy5wbGFjZXMudjEuUGxhY2VzLkdldFBsYWNlEAIYBCAA,Place
ChIJnxEU5r8pBDsRUriXx2MH-XI,Arulmigu ooikaattu sudalai swamy kovil,hindu_temple,4.7,33,"W8WF+93M, Tenkasi, Tamil Nadu 627811, India",https://maps.google.com/?cid=8284661114656503890&g_mp=CiVnb29nbGUubWFwcy5wbGFjZXMudjEuUGxhY2VzLkdldFBsYWNlEAIYBCAA,Place
ChIJjfO2v0cjBDsRsKc-LKoWRkQ,Shri Sorimuthu Ayyanar Temple,hindu_temple,4.6,33,"VGF6+8P4, Tamil Nadu 627853, India",https://maps.google.com/?cid=4919644563091400624&g_mp=CiVnb29nbGUubWFwcy5wbGFjZXMudjEuUGxhY2VzLkdldFBsYWNlEAIYBCAA,Place
ChIJ681py5edBjsRbgFCDabz7qc,Sunfield sambavar vadakarai,tourist_attraction,4.5,31,"X9WR+PVH, Sambavarvadakarai, Tamil Nadu 627856, India",https://maps.google.com/?cid=12100877143303651694&g_mp=CiVnb29nbGUubWFwcy5wbGFjZXMudjEuUGxhY2VzLkdldFBsYWNlEAIYBCAA,Place
ChIJHbVehgk7BDsR90fxH8NyjdI,"Vagaikulam Bird Sanctuary - Tenkasi, Tamilnadu",point_of_interest,4.5,30,"Q9WH+8VP, Unnamed Road, Virasamudram, Tamil Nadu 627412, India",https://maps.google.com/?cid=15171908902061164535&g_mp=CiVnb29nbGUubWFwcy5wbGFjZXMudjEuUGxhY2VzLkdldFBsYWNlEAIYBCAA,Place
ChIJNd6V4hQpBDsRdin5ED4v_gk,Falls,tourist_attraction,4.4,30,"X73R+7G5, Tamil Nadu 627818, India",https://maps.google.com/?cid=720064934045100406&g_mp=CiVnb29nbGUubWFwcy5wbGFjZXMudjEuUGxhY2VzLkdldFBsYWNlEAIYBCAA,Place
ChIJa2HAxYaBBjsRLEYXjUoKnoo,PUDUR NEERTHEKAM,tourist_attraction,4.3,28,"2634+4GW, Tamil Nadu 627813, India",https://maps.google.com/?cid=9988432338865309228&g_mp=CiVnb29nbGUubWFwcy5wbGFjZXMudjEuUGxhY2VzLkdldFBsYWNlEAIYBCAA,Place
ChIJGbc6sSKdBjsRmvw5EigekSo,Surandai Sri Pathirakaliamman Temple,hindu_temple,4.9,27,"Pathirakali Amman Temple, Surandai, Tamil Nadu 627859, India",https://maps.google.com/?cid=3067265978669333658&g_mp=CiVnb29nbGUubWFwcy5wbGFjZXMudjEuUGxhY2VzLkdldFBsYWNlEAIYBCAA,Place
ChIJcfvrXkC5BjsRu3pY0p9dUgA,Thiruvengadanathar Temple,hindu_temple,4.6,27,"7M6F+VH2, Thiruvengadam, Tamil Nadu 627719, India",https://maps.google.com/?cid=23183889100470971&g_mp=CiVnb29nbGUubWFwcy5wbGFjZXMudjEuUGxhY2VzLkdldFBsYWNlEAIYBCAA,Place
ChIJPYrLA3ydBjsR76Lqd0JtI1g,Sri poddal Madasamy Kovil Temple,hindu_temple,4.6,27,"XCH9+G54, Surandai, Tamil Nadu 627859, India",https://maps.google.com/?cid=6351040031769666287&g_mp=CiVnb29nbGUubWFwcy5wbGFjZXMudjEuUGxhY2VzLkdldFBsYWNlEAIYBCAA,Place
ChIJ-a4Fh485BDsReE8HkiZ5qBg,Manimuthar Dam Shutter,tourist_attraction,4.2,26,"Thamirabarani River Bridge, Unnamed Road, Tamil Nadu 627421, India",https://maps.google.com/?cid=1776803259563331448&g_mp=CiVnb29nbGUubWFwcy5wbGFjZXMudjEuUGxhY2VzLkdldFBsYWNlEAIYBCAA,Place
ChIJ1Wp9B0cjBDsRzwzPf4lYZYw,ISCA INDRA GARDEN,garden,4.7,25,"SH 39, Tamil Nadu 627853, India",https://maps.google.com/?cid=10116589485535726799&g_mp=CiVnb29nbGUubWFwcy5wbGFjZXMudjEuUGxhY2VzLkdldFBsYWNlEAIYBCAA,Place
ChIJIdet46mHBjsR3PbLSmjxSUM,Kadayanallur Stone River,national_park,4.6,24,"479P+C2H, Kadayanallur Upper Slopes, Tamil Nadu 627751, India",https://maps.google.com/?cid=4848671904074823388&g_mp=CiVnb29nbGUubWFwcy5wbGFjZXMudjEuUGxhY2VzLkdldFBsYWNlEAIYBCAA,Place
ChIJWRNsgJU3BDsRSULsvBpnuQs,Thalaiyanai Bathing spot,tourist_attraction,4.5,24,"P959+95, Papanasam, Tamil Nadu 627425, India",https://maps.google.com/?cid=844819769645089353&g_mp=CiVnb29nbGUubWFwcy5wbGFjZXMudjEuUGxhY2VzLkdldFBsYWNlEAIYBCAA,Place
ChIJQ96D1M8rBDsRqt6w84FGNmw,Gundar Public Falls,tourist_attraction,4.3,24,"W6P5+X64, Kannupuli Mettu Rd, Puliyarai R.F. Part, Tamil Nadu 627809, India",https://maps.google.com/?cid=7797497328791772842&g_mp=CiVnb29nbGUubWFwcy5wbGFjZXMudjEuUGxhY2VzLkdldFBsYWNlEAIYBCAA,Place
ChIJiXq8FNyDBjsR9EQydtqPwPU,Tenkasi - Kadayanallur Roundana,historical_landmark,4.8,21,"Ena Vilakku, Bus Stop, NH 744, Tamil Nadu 627804, India",https://maps.google.com/?cid=17708311903269438708&g_mp=CiVnb29nbGUubWFwcy5wbGFjZXMudjEuUGxhY2VzLkdldFBsYWNlEAIYBCAA,Place
ChIJI2hEcrL9BDsR5bM1IMY333I,Big Rock,hiking_area,4.7,21,"56RP+36X, Alanchi, Tamil Nadu 629251, India",https://maps.google.com/?cid=8277395964213703653&g_mp=CiVnb29nbGUubWFwcy5wbGFjZXMudjEuUGxhY2VzLkdldFBsYWNlEAIYBCAA,Place
ChIJ4Uo7n3mdBjsRqe7VZR4A1po,ARULMIGU THIRUMALAIYANDAVAR KOVIL,hindu_temple,4.4,21,"XCJ9+GXQ, Sivagurunathapuram, Surandai, Tamil Nadu 627859, India",https://maps.google.com/?cid=11157105257414520489&g_mp=CiVnb29nbGUubWFwcy5wbGFjZXMudjEuUGxhY2VzLkdldFBsYWNlEAIYBCAA,Place
ChIJHfKoNpbtBjsRbySESoZ8Eqc,Rock view point,tourist_attraction,4.2,21,"9C3Q+3V6, NH 744, Viswanathapperi, Tamil Nadu 627757, India",https://maps.google.com/?cid=12038821670132393071&g_mp=CiVnb29nbGUubWFwcy5wbGFjZXMudjEuUGxhY2VzLkdldFBsYWNlEAIYBCAA,Place
ChIJUVFdlWidBjsR4jH_7xKQb4g,ஸ்ரீ வெற்றி பத்திரகாளி அம்மன் கோவில் & ஸ்ரீ வெற்றிவேல் ஐயனார் கோவில்,hindu_temple,4.8,20,"XCM4+R7J, Surandai, Tamil Nadu 627859, India",https://maps.google.com/?cid=9831234922583372258&g_mp=CiVnb29nbGUubWFwcy5wbGFjZXMudjEuUGxhY2VzLkdldFBsYWNlEAIYBCAA,Place
ChIJSTeBrTmdBjsR7mRML4o9kNQ,Tr. Agastheeswarar Temple Cave,hindu_temple,4.4,20,"X9WR+JR3, Pavoorchatram - Surandai - Shencottai, Sambavarvadakarai, Tamil Nadu 627856, India",https://maps.google.com/?cid=15316809996395373806&g_mp=CiVnb29nbGUubWFwcy5wbGFjZXMudjEuUGxhY2VzLkdldFBsYWNlEAIYBCAA,Place
ChIJLadwo8YpBDsRT3xwA0_FTbw,Kulasekaranathar Temple,hindu_temple,4.7,19,"X838+2HJ, Tenkasi, Tamil Nadu 627811, India",https://maps.google.com/?cid=13568718195487964239&g_mp=CiVnb29nbGUubWFwcy5wbGFjZXMudjEuUGxhY2VzLkdldFBsYWNlEAIYBCAA,Place
ChIJn6PVEciBBjsRUaH9qRKGb0A,Ariharanathi falls,tourist_attraction,4.4,19,"X7FC+WW3, Kottakulam, Tamil Nadu 627805, India",https://maps.google.com/?cid=4643077155561775441&g_mp=CiVnb29nbGUubWFwcy5wbGFjZXMudjEuUGxhY2VzLkdldFBsYWNlEAIYBCAA,Place
ChIJebL0AYyHBjsRTxHUtm8V2z8,Private Falls,tourist_attraction,4.3,19,"36F8+6Q5, Mekkarai, Tamil Nadu 627807, India",https://maps.google.com/?cid=4601295013841998159&g_mp=CiVnb29nbGUubWFwcy5wbGFjZXMudjEuUGxhY2VzLkdldFBsYWNlEAIYBCAA,Place
ChIJERqhq22FBjsRaJiYVNaOPj0,Kadayanallur Periya Aaru,tourist_attraction,4.1,19,"482C+RQF, Kadayanallur, Tamil Nadu 627751, India",https://maps.google.com/?cid=4413121736063096936&g_mp=CiVnb29nbGUubWFwcy5wbGFjZXMudjEuUGxhY2VzLkdldFBsYWNlEAIYBCAA,Place
ChIJcdBTWrKFBjsRfnEQkscgshs,கடையநல்லூர் கல்லாறு,tourist_attraction,4.3,16,"479Q+C72, Kadayanallur Upper Slopes, Tamil Nadu 627751, India",https://maps.google.com/?cid=1995693626399682942&g_mp=CiVnb29nbGUubWFwcy5wbGFjZXMudjEuUGxhY2VzLkdldFBsYWNlEAIYBCAA,Place
ChIJdz0NeZwpBDsRe-5ddjICWXg,Funland natural falls no cost,park,4.5,15,"W7FW+XGF, Tamil Nadu 627814, India",https://maps.google.com/?cid=8671964973236088443&g_mp=CiVnb29nbGUubWFwcy5wbGFjZXMudjEuUGxhY2VzLkdldFBsYWNlEAIYBCAA,Place
ChIJW6hgB1-DBjsRtONaTppN-qM,achanputhurseemai,tourist_attraction,4.4,15,"27QX+59Q, MDR431, Achampudur, Tamil Nadu 627803, India",https://maps.google.com/?cid=11815841897494799284&g_mp=CiVnb29nbGUubWFwcy5wbGFjZXMudjEuUGxhY2VzLkdldFBsYWNlEAIYBCAA,Place
ChIJq6raASnWBTsRg6MRD__traA,Thenmala Dam Entrance,tourist_attraction,4.2,15,"X358+323, SH 2, Thenmala, Kerala 691308, India",https://maps.google.com/?cid=11578171896764670851&g_mp=CiVnb29nbGUubWFwcy5wbGFjZXMudjEuUGxhY2VzLkdldFBsYWNlEAIYBCAA,Place
ChIJzToWHj8pBDsRNvVdi62xu1g,"Anniyan parai lake, puliyur",tourist_attraction,4.3,14,"X85Q+HH, Tenkasi, Tamil Nadu 627814, India",https://maps.google.com/?cid=6393899454908200246&g_mp=CiVnb29nbGUubWFwcy5wbGFjZXMudjEuUGxhY2VzLkdldFBsYWNlEAIYBCAA,Place
ChIJCTzZZiEnBDsRSCbKYYHWVvA,Arulmigu Uchinimahali Amman temple v k pudur,hindu_temple,4.3,13,"WFP2+5GX, Veerakeralampudur, Tamil Nadu 627861, India",https://maps.google.com/?cid=17318265268279584328&g_mp=CiVnb29nbGUubWFwcy5wbGFjZXMudjEuUGxhY2VzLkdldFBsYWNlEAIYBCAA,Place
ChIJWfsnAAArBDsRyb5q2KR_aoU,Gundaru dam Boating,park,4.9,11,"Gundaru Dam, Puliyarai R.F. Part, Tamil Nadu 627809, India",https://maps.google.com/?cid=9613636700557983433&g_mp=CiVnb29nbGUubWFwcy5wbGFjZXMudjEuUGxhY2VzLkdldFBsYWNlEAIYBCAA,Place
ChIJ_RL3fwHtBjsRf-iL7es_CCw,தேவர் சிலை,park,4.6,11,"8CVJ+H9F, Sivagiri, Tamil Nadu 627757, India",https://maps.google.com/?cid=3172856220017748095&g_mp=CiVnb29nbGUubWFwcy5wbGFjZXMudjEuUGxhY2VzLkdldFBsYWNlEAIYBCAA,Place
ChIJ4_gKm7MrBDsRKsWWQp_WprM,TR FALLS,tourist_attraction,4.2,11,"W6H2+HG, Puliyarai R.F. Part, Tamil Nadu 627809, India",https://maps.google.com/?cid=12945270158428390698&g_mp=CiVnb29nbGUubWFwcy5wbGFjZXMudjEuUGxhY2VzLkdldFBsYWNlEAIYBCAA,Place
ChIJ9Ri3vj2dBjsRuUVf6SNP2fk,Tenkasi,hindu_temple,4.8,9,"293V+3V4, Kovilandanoor Rd, Sambavarvadakarai, Tamil Nadu 627856, India",https://maps.google.com/?cid=18003508001048053177&g_mp=CiVnb29nbGUubWFwcy5wbGFjZXMudjEuUGxhY2VzLkdldFBsYWNlEAIYBCAA,Place
ChIJLRKQ_zkpBDsR2Ss9Ye4itMg,Chittraru Check dam,tourist_attraction,4.4,9,"X82Q+4HV, Tamil Nadu 627814, India",https://maps.google.com/?cid=14462222710622464985&g_mp=CiVnb29nbGUubWFwcy5wbGFjZXMudjEuUGxhY2VzLkdldFBsYWNlEAIYBCAA,Place
ChIJ96R4jXudBjsRECgwFvGqk5Q,Sri Mathalapandi Temple,hindu_temple,4.4,9,"XCH8+GQW, Pottalmadasamy Kovil St, Surandai, Tamil Nadu 627859, India",https://maps.google.com/?cid=10706088691625895952&g_mp=CiVnb29nbGUubWFwcy5wbGFjZXMudjEuUGxhY2VzLkdldFBsYWNlEAIYBCAA,Place
ChIJOUefPGkxBDsRLVNIHIf6eAw,Mini silver falls,tourist_attraction,4.0,9,"Tenkasi, Mela Ambur, Tamil Nadu 627418, India",https://maps.google.com/?cid=898743583862444845&g_mp=CiVnb29nbGUubWFwcy5wbGFjZXMudjEuUGxhY2VzLkdldFBsYWNlEAIYBCAA,Place
ChIJEz0dFwcpBDsRFzBAfksFjRQ,Prana Miyawaki 2.0 - Tenkasi,national_park,5.0,8,"X828+P2R, SH 39, Melapuliyur, Tenkasi, Tamil Nadu 627811, India",https://maps.google.com/?cid=1480845674273583127&g_mp=CiVnb29nbGUubWFwcy5wbGFjZXMudjEuUGxhY2VzLkdldFBsYWNlEAIYBCAA,Place
ChIJn2YR4tydBjsR76Ujn5xhak8,Sri Saptha Kanni Amman Kovil,hindu_temple,5.0,7,"XCF6+VH4, Surandai, Tamil Nadu 627859, India",https://maps.google.com/?cid=5722493601840342511&g_mp=CiVnb29nbGUubWFwcy5wbGFjZXMudjEuUGxhY2VzLkdldFBsYWNlEAIYBCAA,Place
ChIJp6hF5x4rBDsRl1Fk7DNCBUg,View Point,tourist_attraction,4.9,7,"X659+C3C, Puliyarai R.F. Part, Tamil Nadu 627809, India",https://maps.google.com/?cid=5189626936391127447&g_mp=CiVnb29nbGUubWFwcy5wbGFjZXMudjEuUGxhY2VzLkdldFBsYWNlEAIYBCAA,Place
ChIJJ1pLSishBDsRmiEY-mLj60Y,Sivalingapuram DAM,tourist_attraction,3.8,6,"WF9H+3Q3, Thuthikulam - Sivalingapuram, Alangulam, Tamil Nadu 627853, India",https://maps.google.com/?cid=5110428216424145306&g_mp=CiVnb29nbGUubWFwcy5wbGFjZXMudjEuUGxhY2VzLkdldFBsYWNlEAIYBCAA,Place
ChIJqSs_jz4rBDsRsP1P89QtBvA,Mayiladumparai,nature_preserve,4.4,5,"X64G+3XW, Shenkottai, Tamil Nadu 627809, India",https://maps.google.com/?cid=17295561811601391024&g_mp=CiVnb29nbGUubWFwcy5wbGFjZXMudjEuUGxhY2VzLkdldFBsYWNlEAIYBCAA,Place
ChIJKat96ayHBjsRj2Bj6PVoPOQ,Mekkarai Diamond falls,tourist_attraction,4.0,5,"3657+G3Q, Mekkarai, Tamil Nadu 627807, India",https://maps.google.com/?cid=16446135344625311887&g_mp=CiVnb29nbGUubWFwcy5wbGFjZXMudjEuUGxhY2VzLkdldFBsYWNlEAIYBCAA,Place
ChIJ2aTh0oMrBDsRv4cmIKqt01A,Pazhathotta aruvi,water_park,4.8,4,"W6HP+8G, Courtallam Slopes R.F., Tamil Nadu 627802, India",https://maps.google.com/?cid=5824189689315624895&g_mp=CiVnb29nbGUubWFwcy5wbGFjZXMudjEuUGxhY2VzLkdldFBsYWNlEAIYBCAA,Place
ChIJX0tommqBBjsRdNtPn5ZGwbw,Anna Nagar Park,park,4.8,4,"X6GR+8P6, Shenkottai, Tamil Nadu 627809, India",https://maps.google.com/?cid=13601229962367458164&g_mp=CiVnb29nbGUubWFwcy5wbGFjZXMudjEuUGxhY2VzLkdldFBsYWNlEAIYBCAA,Place
ChIJpYSiHEG5BjsR1ZNJlloOrvI,Padikasu Vinayagar Temple,hindu_temple,5.0,3,"7M6F+64P, Thiruvengadam, Tamil Nadu 627719, India",https://maps.google.com/?cid=17486930185357464533&g_mp=CiVnb29nbGUubWFwcy5wbGFjZXMudjEuUGxhY2VzLkdldFBsYWNlEAIYBCAA,Place
ChIJ59WpP4UpBDsR5oYgTYmyhno,Temple,tourist_attraction,4.7,3,"X848+H39, Tenkasi, Tamil Nadu 627811, India",https://maps.google.com/?cid=8828940422280677094&g_mp=CiVnb29nbGUubWFwcy5wbGFjZXMudjEuUGxhY2VzLkdldFBsYWNlEAIYBCAA,Place
ChIJ36JWOwC5BjsRugbLvK0JrnA,Iraichan water fall,tourist_attraction,4.7,3,"8P55+6M3, Kilanmarinadu, Tamil Nadu 626140, India",https://maps.google.com/?cid=8119437819996997306&g_mp=CiVnb29nbGUubWFwcy5wbGFjZXMudjEuUGxhY2VzLkdldFBsYWNlEAIYBCAA,Place
